trip_id,start_date,start_time,route_id,stop_sequence,departure_time,stop_id,vehicle_id,vehicle_label,timestamp
1346803,20201104,11:18:00,24,41,1604508849,WESTMAL1,3140,140,1604509170
1346803,20201104,11:18:00,24,42,1604508850,VISCFARN,3140,140,1604509170
1346803,20201104,11:18:00,24,43,1604508889,VISCVIGR,3140,140,1604509170
1346803,20201104,11:18:00,24,44,1604508928,VISCCRAN,3140,140,1604509170
1346803,20201104,11:18:00,24,45,1604508982,CRANBAR2,3140,140,1604509170
1346803,20201104,11:18:00,24,46,1604509022,CRANBIRC,3140,140,1604509170
1346803,20201104,11:18:00,24,47,1604509050,CRANSCHR,3140,140,1604509170
1346803,20201104,11:18:00,24,48,1604509087,TILLSOUT,3140,140,1604509170
1346803,20201104,11:18:00,24,49,1604509115,TILLRALE,3140,140,1604509170
1346803,20201104,11:18:00,24,50,1604509147,TILBPOME,3140,140,1604509170
1346803,20201104,11:18:00,24,51,1604509190,RALERALE,3140,140,1604509170
1346803,20201104,11:18:00,24,52,1604509214,RALECOLT,3140,140,1604509170
1346803,20201104,11:18:00,24,53,1604509275,COLTSOU2,3140,140,1604509170
1346628,20201104,11:39:00,19,9,1604508477,SUNNYMCA,3141,141,1604509171
1346628,20201104,11:39:00,19,10,1604508538,SUNNADE2,3141,141,1604509171
1346628,20201104,11:39:00,19,11,1604508691,SUNNCANV,3141,141,1604509171
1346628,20201104,11:39:00,19,12,1604508741,BLUESUN2,3141,141,1604509171
1346628,20201104,11:39:00,19,13,1604508764,SKYLCHAM,3141,141,1604509171
1346628,20201104,11:39:00,19,14,1604508847,CHAMWHIS,3141,141,1604509171
1346628,20201104,11:39:00,19,15,1604508877,HASTCHA2,3141,141,1604509171
1346628,20201104,11:39:00,19,16,1604508939,HASTVIR2,3141,141,1604509171
1346628,20201104,11:39:00,19,17,1604509065,FANSJEN2,3141,141,1604509171
1346628,20201104,11:39:00,19,18,1604509105,FANSJEN4,3141,141,1604509171
1346628,20201104,11:39:00,19,19,1604509170,FANSNCR2,3141,141,1604509171
1347315,20201104,11:42:00,02,10,1604508861,WHARPAUL,3507,507,1604509180
1347315,20201104,11:42:00,02,11,1604508915,WHARLEXI,3507,507,1604509180
1347315,20201104,11:42:00,02,12,1604508959,WHARMPL2,3507,507,1604509180
1347315,20201104,11:42:00,02,13,1604508997,RIVEWHA1,3507,507,1604509180
1347315,20201104,11:42:00,02,14,1604509029,RIVEWIL1,3507,507,1604509180
1347315,20201104,11:42:00,02,15,1604509114,DUNDRIDO,3507,507,1604509180
1347315,20201104,11:42:00,02,16,1604509162,KINGTALB,3507,507,1604509180
1347315,20201104,11:42:00,02,17,1604509215,KINGRIC1,3507,507,1604509180
1347315,20201104,11:42:00,02,18,1604509215,KINGRIC1,3507,507,1604509180
1345731,20201104,11:27:00,15,38,1604509195,HORTRIC2,3510,510,1604509182
1345731,20201104,11:27:00,15,39,1604509275,RIDOHORT,3510,510,1604509182
1338046,20201104,11:05:00,20,62,1604509135,OXFOHIG3,3159,159,1604509174
1338046,20201104,11:05:00,20,63,1604509230,FANCOLL3,3159,159,1604509174
1347390,20201104,11:32:00,02,37,1604509200,QUEERIC1,3162,162,1604509191
1339307,20201104,11:50:00,27,2,1604509185,WONDOXF1,3314,314,1604509188
1347409,20201104,11:30:00,02,19,1604508735,DUNDCLK4,3513,513,1604509179
1347409,20201104,11:30:00,02,20,1604508807,DUNDBEA2,3513,513,1604509179
1347409,20201104,11:30:00,02,21,1604508893,DUNDTHR,3513,513,1604509179
1347409,20201104,11:30:00,02,22,1604508963,DUNDBUR2,3513,513,1604509179
1347409,20201104,11:30:00,02,23,1604509028,DUNDFIR2,3513,513,1604509179
1347409,20201104,11:30:00,02,24,1604509101,DUNDHAL2,3513,513,1604509179
1347409,20201104,11:30:00,02,25,1604509133,DUNDHAL4,3513,513,1604509179
1347409,20201104,11:30:00,02,26,1604509200,DUNDHIG2,3513,513,1604509179
1347409,20201104,11:30:00,02,27,1604509273,DUNDASH4,3513,513,1604509179
1347409,20201104,11:30:00,02,28,1604509333,DUNDMCOR,3513,513,1604509179
1347409,20201104,11:30:00,02,29,1604509382,DUNDDORI,3513,513,1604509179
1347409,20201104,11:30:00,02,30,1604509424,DUNDEGE2,3513,513,1604509179
1347409,20201104,11:30:00,02,31,1604509459,DUNDQUE2,3513,513,1604509179
1347409,20201104,11:30:00,02,32,1604509502,DUNDONT2,3513,513,1604509179
1347409,20201104,11:30:00,02,33,1604509543,DUNDREC2,3513,513,1604509179
1347409,20201104,11:30:00,02,34,1604509586,DUNDENGL,3513,513,1604509179
1347409,20201104,11:30:00,02,35,1604509631,DUNDELIZ,3513,513,1604509179
1347409,20201104,11:30:00,02,36,1604509680,DUNDADE2,3513,513,1604509179
1347409,20201104,11:30:00,02,37,1604509724,DUNDWIL2,3513,513,1604509179
1347409,20201104,11:30:00,02,38,1604509786,DUNDMAI2,3513,513,1604509179
1347409,20201104,11:30:00,02,39,1604509849,DUNDCOL2,3513,513,1604509179
1347409,20201104,11:30:00,02,40,1604509913,DUNDWAT2,3513,513,1604509179
1347409,20201104,11:30:00,02,41,1604509980,DUNDWEL2,3513,513,1604509179
1347409,20201104,11:30:00,02,42,1604510083,QUEECLAR,3513,513,1604509179
1347409,20201104,11:30:00,02,43,1604510160,QUEERIC1,3513,513,1604509179
1347409,20201104,11:30:00,02,44,1604510160,QUEERIC1,3513,513,1604509179
1347409,20201104,11:30:00,02,45,1604510197,QUEETALB,3513,513,1604509179
1347409,20201104,11:30:00,02,46,1604510231,QUENRIDO,3513,513,1604509179
1347409,20201104,11:30:00,02,47,1604510327,RIVEWIL2,3513,513,1604509179
1347409,20201104,11:30:00,02,48,1604510366,RIVEWHA2,3513,513,1604509179
1347409,20201104,11:30:00,02,49,1604510407,WHARMPL1,3513,513,1604509179
1347409,20201104,11:30:00,02,50,1604510445,WHARMOIR,3513,513,1604509179
1347409,20201104,11:30:00,02,51,1604510503,WHAREMPR,3513,513,1604509179
1347409,20201104,11:30:00,02,52,1604510580,WHAROXF1,3513,513,1604509179
1347409,20201104,11:30:00,02,53,1604510625,WESTESSE,3513,513,1604509179
1347409,20201104,11:30:00,02,54,1604510663,WESTHOL1,3513,513,1604509179
1347409,20201104,11:30:00,02,55,1604510703,WESTPLA1,3513,513,1604509179
1347409,20201104,11:30:00,02,56,1604510760,WESTPHA1,3513,513,1604509179
1347409,20201104,11:30:00,02,57,1604510838,WESTPHA3,3513,513,1604509179
1347409,20201104,11:30:00,02,58,1604510998,ALUMHAL1,3513,513,1604509179
1347409,20201104,11:30:00,02,59,1604511195,MIDDPERT,3513,513,1604509179
1347409,20201104,11:30:00,02,60,1604511300,NATSCI,3513,513,1604509179
1388396,20201104,11:48:00,102,14,1604508982,WESTPHA3,3516,516,1604509193
1388396,20201104,11:48:00,102,15,1604509026,ALUMHAL1,3516,516,1604509193
1388396,20201104,11:48:00,102,16,1604509192,MIDDPERT,3516,516,1604509193
1388396,20201104,11:48:00,102,17,1604509305,NATSCI,3516,516,1604509193
1346172,20201104,11:51:00,16,2,1604508933,FANSNCR1,3519,519,1604509190
1346172,20201104,11:51:00,16,3,1604508973,FANSNCR3,3519,519,1604509190
1346172,20201104,11:51:00,16,4,1604509025,FANSHAS3,3519,519,1604509190
1346172,20201104,11:51:00,16,5,1604509068,FANSHAS1,3519,519,1604509190
1346172,20201104,11:51:00,16,6,1604509117,FANSSTO3,3519,519,1604509190
1346172,20201104,11:51:00,16,7,1604509171,FANSSTO1,3519,519,1604509190
1346172,20201104,11:51:00,16,8,1604509245,ADELFAN2,3519,519,1604509190
1343221,20201104,11:35:00,10,17,1604508786,HIGBTRA2,3554,554,1604509185
1343221,20201104,11:35:00,10,18,1604508845,HIGBCALV,3554,554,1604509185
1343221,20201104,11:35:00,10,19,1604508867,HIGBHAM2,3554,554,1604509185
1343221,20201104,11:35:00,10,20,1604509173,COMMDEV6,3554,554,1604509185
1343221,20201104,11:35:00,10,21,1604509200,COMMDEV2,3554,554,1604509185
1342572,20201104,11:51:00,01,2,1604508673,KIPPBELF,3171,171,1604509173
1342572,20201104,11:51:00,01,3,1604508729,KIPPBARK,3171,171,1604509173
1342572,20201104,11:51:00,01,4,1604508765,KIPPARBO,3171,171,1604509173
1342572,20201104,11:51:00,01,5,1604508823,KIPPBRIA,3171,171,1604509173
1342572,20201104,11:51:00,01,6,1604508867,BRIAMEL2,3171,171,1604509173
1342572,20201104,11:51:00,01,7,1604508905,BRIAMEL3,3171,171,1604509173
1342572,20201104,11:51:00,01,8,1604508926,BRIAHURO,3171,171,1604509173
1342572,20201104,11:51:00,01,9,1604508950,HUROBRI2,3171,171,1604509173
1342572,20201104,11:51:00,01,10,1604509007,HUROBARK,3171,171,1604509173
1342572,20201104,11:51:00,01,11,1604509065,HUROWEDG,3171,171,1604509173
1342572,20201104,11:51:00,01,12,1604509116,HUROADE6,3171,171,1604509173
1342572,20201104,11:51:00,01,13,1604509200,ADELHURN,3171,171,1604509173
1339855,20201104,11:40:00,31,8,1604508558,SARNTHIS,3360,360,1604509174
1339855,20201104,11:40:00,31,9,1604508558,SARNALD2,3360,360,1604509174
1339855,20201104,11:40:00,31,10,1604508558,ALDESOCT,3360,360,1604509174
1339855,20201104,11:40:00,31,11,1604508584,ALDEBRAN,3360,360,1604509174
1339855,20201104,11:40:00,31,12,1604508605,ALDELAW1,3360,360,1604509174
1339855,20201104,11:40:00,31,13,1604508656,ALDESPR1,3360,360,1604509174
1339855,20201104,11:40:00,31,14,1604508699,ALDEBRU1,3360,360,1604509174
1339855,20201104,11:40:00,31,15,1604508740,ALDEARD1,3360,360,1604509174
1339855,20201104,11:40:00,31,16,1604508769,ALDEGAI1,3360,360,1604509174
1339855,20201104,11:40:00,31,17,1604508804,ALDERAN1,3360,360,1604509174
1339855,20201104,11:40:00,31,18,1604508841,ALDEHAW1,3360,360,1604509174
1339855,20201104,11:40:00,31,19,1604508884,ALDEREX1,3360,360,1604509174
1339855,20201104,11:40:00,31,20,1604508941,ALDEBLA3,3360,360,1604509174
1339855,20201104,11:40:00,31,21,1604509005,FANSALD2,3360,360,1604509174
1339855,20201104,11:40:00,31,22,1604509056,FANSDAL4,3360,360,1604509174
1339855,20201104,11:40:00,31,23,1604509127,FANSDALM,3360,360,1604509174
1339855,20201104,11:40:00,31,24,1604509174,STANFANS,3360,360,1604509174
1339855,20201104,11:40:00,31,25,1604509245,SEAGHYPK,3360,360,1604509174
1347333,20201104,11:28:00,02,19,1604508287,KINGCLAR,3501,501,1604509194
1347333,20201104,11:28:00,02,20,1604508540,DUNDWEL5,3501,501,1604509194
1347333,20201104,11:28:00,02,21,1604508604,DUNDWAT1,3501,501,1604509194
1347333,20201104,11:28:00,02,22,1604508649,DUNDCOL1,3501,501,1604509194
1347333,20201104,11:28:00,02,23,1604508720,DUNDMAI1,3501,501,1604509194
1347333,20201104,11:28:00,02,24,1604508785,DUNDWIL1,3501,501,1604509194
1347333,20201104,11:28:00,02,25,1604508840,DUNDADE1,3501,501,1604509194
1347333,20201104,11:28:00,02,26,1604508881,DUNDLYLE,3501,501,1604509194
1345256,20201104,11:48:00,09,15,1604509127,SARNRIPP,3137,137,1604509179
1345256,20201104,11:48:00,09,16,1604509181,SARNCAS3,3137,137,1604509179
1345256,20201104,11:48:00,09,17,1604509228,SARNCOOM,3137,137,1604509179
1345256,20201104,11:48:00,09,18,1604509260,SARNWES1,3137,137,1604509179
1338884,20201104,11:47:00,25,9,1604508690,FANSFRE1,3301,301,1604509178
1338884,20201104,11:47:00,25,10,1604508690,FANSGLE1,3301,301,1604509178
1338884,20201104,11:47:00,25,11,1604508690,FANSTRO3,3301,301,1604509178
1338884,20201104,11:47:00,25,12,1604508742,FANSGLE3,3301,301,1604509178
1338884,20201104,11:47:00,25,13,1604508765,FANSMCL3,3301,301,1604509178
1338884,20201104,11:47:00,25,14,1604508805,FANSMCL1,3301,301,1604509178
1338884,20201104,11:47:00,25,15,1604508847,FANSHIGH,3301,301,1604509178
1338884,20201104,11:47:00,25,16,1604508905,HIGBKIAR,3301,301,1604509178
1338884,20201104,11:47:00,25,17,1604508953,HIGBEDVA,3301,301,1604509178
1338884,20201104,11:47:00,25,18,1604508985,HIGBREMB,3301,301,1604509178
1338884,20201104,11:47:00,25,19,1604509004,HIGBKIL2,3301,301,1604509178
1338884,20201104,11:47:00,25,20,1604509044,HIGBTOWN,3301,301,1604509178
1338884,20201104,11:47:00,25,21,1604509104,HIGBFUL2,3301,301,1604509178
1338884,20201104,11:47:00,25,22,1604509136,HIGBHIC2,3301,301,1604509178
1338884,20201104,11:47:00,25,23,1604509320,HUROHIG3,3301,301,1604509178
1339304,20201104,11:12:00,27,33,1604509011,HUROHIG3,3326,326,1604509177
1339304,20201104,11:12:00,27,34,1604509011,HUROWEB1,3326,326,1604509177
1339304,20201104,11:12:00,27,35,1604509011,HUROSAN1,3326,326,1604509177
1339304,20201104,11:12:00,27,36,1604509057,SANDBEC2,3326,326,1604509177
1339304,20201104,11:12:00,27,37,1604509140,FCBLCHE2,3326,326,1604509177
1339304,20201104,11:12:00,27,38,1604509191,FCBLFLE2,3326,326,1604509177
1339304,20201104,11:12:00,27,39,1604509275,FANCOLL4,3326,326,1604509177
1347333,20201104,11:28:00,02,27,1604508930,DUNDHEWI,3501,501,1604509194
1347333,20201104,11:28:00,02,28,1604508973,DUNDREC1,3501,501,1604509194
1347333,20201104,11:28:00,02,29,1604509010,DUNDONT1,3501,501,1604509194
1347333,20201104,11:28:00,02,30,1604509063,DUNDQUE1,3501,501,1604509194
1347333,20201104,11:28:00,02,31,1604509095,DUNDEGE1,3501,501,1604509194
1347333,20201104,11:28:00,02,32,1604509135,DUNDKELL,3501,501,1604509194
1347333,20201104,11:28:00,02,33,1604509188,DUNDELE1,3501,501,1604509194
1347333,20201104,11:28:00,02,34,1604509245,DUNDASH1,3501,501,1604509194
1347333,20201104,11:28:00,02,35,1604509320,DUNDHIG1,3501,501,1604509194
