trip_id,start_date,route_id,stop_sequence,vehicle_id,scheduled_departure_time,real_departure_time
1345768,20201105,15,19,3377.0,816.0,1446.0
1345768,20201106,15,19,3545.0,816.0,846.0
1345768,20201109,15,19,3355.0,816.0,1161.0
1345768,20201110,15,19,3031.0,816.0,906.0
1345768,20201111,15,19,3530.0,816.0,1221.0
1345768,20201105,15,20,3377.0,855.0,1485.0
1345768,20201106,15,20,3545.0,855.0,885.0
1345768,20201109,15,20,3355.0,855.0,1200.0
1345768,20201110,15,20,3031.0,855.0,945.0
1345768,20201111,15,20,3530.0,855.0,1260.0
1345768,20201112,15,20,3545.0,855.0,870.0
1345768,20201113,15,20,3371.0,855.0,885.0
1345768,20201116,15,20,3536.0,855.0,825.0
1345768,20201117,15,20,3536.0,855.0,870.0
1345768,20201117,15,20,3536.0,855.0,1095.0
1345768,20201118,15,20,3365.0,855.0,780.0
1345768,20201120,15,20,3365.0,855.0,825.0
1345768,20201123,15,20,3536.0,855.0,855.0
1345768,20201124,15,20,3362.0,855.0,825.0
1345768,20201125,15,20,3373.0,855.0,1245.0
1345768,20201126,15,20,3533.0,855.0,1020.0
1345768,20201127,15,20,3360.0,855.0,750.0
1345768,20201105,15,20,3377.0,855.0,1485.0
1345768,20201106,15,20,3545.0,855.0,885.0
1345768,20201109,15,20,3355.0,855.0,1200.0
1345768,20201110,15,20,3031.0,855.0,945.0
1345768,20201111,15,20,3530.0,855.0,1260.0
1345768,20201105,15,21,3377.0,913.0,1543.0
1345768,20201106,15,21,3545.0,913.0,943.0
1345768,20201109,15,21,3355.0,913.0,1258.0
1345768,20201110,15,21,3031.0,913.0,1003.0
1345768,20201111,15,21,3530.0,913.0,1318.0
1345768,20201112,15,21,3545.0,913.0,928.0
1345768,20201113,15,21,3371.0,913.0,943.0
1345768,20201116,15,21,3536.0,913.0,883.0
1345768,20201117,15,21,3536.0,913.0,928.0
1345768,20201117,15,21,3536.0,913.0,1153.0
1345768,20201118,15,21,3365.0,913.0,838.0
1345768,20201120,15,21,3365.0,913.0,883.0
1345768,20201123,15,21,3536.0,913.0,913.0
1345768,20201124,15,21,3362.0,913.0,883.0
1345768,20201125,15,21,3373.0,913.0,1303.0
1345768,20201126,15,21,3533.0,913.0,1078.0
1345768,20201127,15,21,3360.0,913.0,808.0
1345768,20201105,15,21,3377.0,913.0,1543.0
1345768,20201106,15,21,3545.0,913.0,943.0
1345768,20201109,15,21,3355.0,913.0,1258.0
1345768,20201110,15,21,3031.0,913.0,1003.0
1345768,20201111,15,21,3530.0,913.0,1318.0
1345768,20201105,15,22,3377.0,967.0,1597.0
1345768,20201106,15,22,3545.0,967.0,997.0
1345768,20201109,15,22,3355.0,967.0,1312.0
1345768,20201110,15,22,3031.0,967.0,1057.0
1345768,20201111,15,22,3530.0,967.0,1372.0
1345768,20201112,15,22,3545.0,967.0,982.0
1345768,20201113,15,22,3371.0,967.0,997.0
1345768,20201116,15,22,3536.0,967.0,937.0
1345768,20201117,15,22,3536.0,967.0,982.0
1345768,20201117,15,22,3536.0,967.0,1207.0
1345768,20201118,15,22,3365.0,967.0,892.0
1345768,20201120,15,22,3365.0,967.0,937.0
1345768,20201123,15,22,3536.0,967.0,967.0
1345768,20201124,15,22,3362.0,967.0,937.0
1345768,20201125,15,22,3373.0,967.0,1357.0
1345768,20201126,15,22,3533.0,967.0,1132.0
1345768,20201127,15,22,3360.0,967.0,862.0
1345768,20201105,15,22,3377.0,967.0,1597.0
1345768,20201106,15,22,3545.0,967.0,997.0
1345768,20201109,15,22,3355.0,967.0,1312.0
1345768,20201110,15,22,3031.0,967.0,1057.0
1345768,20201111,15,22,3530.0,967.0,1372.0
1345768,20201105,15,23,3377.0,1017.0,1647.0
1345768,20201106,15,23,3545.0,1017.0,1047.0
1345768,20201109,15,23,3355.0,1017.0,1362.0
1345768,20201110,15,23,3031.0,1017.0,1107.0
1345768,20201111,15,23,3530.0,1017.0,1422.0
1345768,20201112,15,23,3545.0,1017.0,1032.0
1345768,20201113,15,23,3371.0,1017.0,1047.0
1345768,20201116,15,23,3536.0,1017.0,987.0
1345768,20201117,15,23,3536.0,1017.0,1032.0
1345768,20201117,15,23,3536.0,1017.0,1257.0
1345768,20201118,15,23,3365.0,1017.0,942.0
1345768,20201120,15,23,3365.0,1017.0,987.0
1345768,20201123,15,23,3536.0,1017.0,1017.0
1345768,20201124,15,23,3362.0,1017.0,987.0
1345768,20201125,15,23,3373.0,1017.0,1407.0
1345768,20201126,15,23,3533.0,1017.0,1182.0
1345768,20201127,15,23,3360.0,1017.0,912.0
1345768,20201105,15,23,3377.0,1017.0,1647.0
1345768,20201106,15,23,3545.0,1017.0,1047.0
1345768,20201109,15,23,3355.0,1017.0,1362.0
1345768,20201110,15,23,3031.0,1017.0,1107.0
1345768,20201111,15,23,3530.0,1017.0,1422.0
1345768,20201105,15,24,3377.0,1080.0,1710.0
1345768,20201106,15,24,3545.0,1080.0,1110.0
1345768,20201109,15,24,3355.0,1080.0,1425.0
1345768,20201110,15,24,3031.0,1080.0,1170.0
1345768,20201111,15,24,3530.0,1080.0,1485.0
1345768,20201112,15,24,3545.0,1080.0,1095.0
1345768,20201113,15,24,3371.0,1080.0,1110.0
1345768,20201116,15,24,3536.0,1080.0,1080.0
1345768,20201117,15,24,3536.0,1080.0,1095.0
1345768,20201117,15,24,3536.0,1080.0,1320.0
1345768,20201118,15,24,3365.0,1080.0,1080.0
1345768,20201120,15,24,3365.0,1080.0,1080.0
1345768,20201123,15,24,3536.0,1080.0,1080.0
1345768,20201124,15,24,3362.0,1080.0,1080.0
1345768,20201125,15,24,3373.0,1080.0,1470.0
1345768,20201126,15,24,3533.0,1080.0,1245.0
1345768,20201127,15,24,3360.0,1080.0,1080.0
1345768,20201105,15,24,3377.0,1080.0,1710.0
1345768,20201106,15,24,3545.0,1080.0,1110.0
1345768,20201109,15,24,3355.0,1080.0,1425.0
1345768,20201110,15,24,3031.0,1080.0,1170.0
1345768,20201111,15,24,3530.0,1080.0,1485.0
1345768,20201105,15,25,3377.0,1113.0,1776.0
1345768,20201106,15,25,3545.0,1113.0,1188.0
1345768,20201109,15,25,3355.0,1113.0,1463.0
1345768,20201110,15,25,3031.0,1113.0,1278.0
1345768,20201111,15,25,3530.0,1113.0,1502.0
1345768,20201112,15,25,3545.0,1113.0,1124.0
1345768,20201113,15,25,3371.0,1113.0,1112.0
1345768,20201116,15,25,3536.0,1113.0,1113.0
1345768,20201117,15,25,3536.0,1113.0,1128.0
1345768,20201117,15,25,3536.0,1113.0,1398.0
1345768,20201118,15,25,3365.0,1113.0,1188.0
1345768,20201120,15,25,3365.0,1113.0,1083.0
1345768,20201123,15,25,3536.0,1113.0,1098.0
1345768,20201124,15,25,3362.0,1113.0,1098.0
1345768,20201125,15,25,3373.0,1113.0,1473.0
1345768,20201126,15,25,3533.0,1113.0,1293.0
1345768,20201127,15,25,3360.0,1113.0,1023.0
1331672,20201123,06,20,3143.0,1297.0,1005.0
1331672,20201124,06,20,3130.0,1297.0,1065.0
1331672,20201125,06,20,3313.0,1297.0,1050.0
1331672,20201126,06,20,3550.0,1297.0,1065.0
1331672,20201127,06,20,3130.0,1297.0,2070.0
1331672,20201105,6,20,3124.0,1297.0,1110.0
1331672,20201106,06,20,3301.0,1297.0,1080.0
1331672,20201109,06,20,3159.0,1297.0,1050.0
1331672,20201110,6,20,3125.0,1297.0,1035.0
1331672,20201111,6,20,3177.0,1297.0,1050.0
1331672,20201105,6,21,3124.0,1391.0,1260.0
1331672,20201106,06,21,3301.0,1391.0,1260.0
1331672,20201109,06,21,3159.0,1391.0,1200.0
1331672,20201110,6,21,3125.0,1391.0,1200.0
1331672,20201111,6,21,3177.0,1391.0,1260.0
1331672,20201112,06,21,3506.0,1391.0,1200.0
1331672,20201113,06,21,3317.0,1391.0,1260.0
1331672,20201116,6,21,3120.0,1391.0,1260.0
1331672,20201117,06,21,3153.0,1391.0,1260.0
1331672,20201118,06,21,3550.0,1391.0,1320.0
1331672,20201119,06,21,3171.0,1391.0,1200.0
1331672,20201120,06,21,3167.0,1391.0,1200.0
1331672,20201123,06,21,3143.0,1391.0,1200.0
1331672,20201124,06,21,3130.0,1391.0,1260.0
1331672,20201125,06,21,3313.0,1391.0,1200.0
1331672,20201126,06,21,3550.0,1391.0,1260.0
1331672,20201127,06,21,3130.0,1391.0,2070.0
1331672,20201105,6,21,3124.0,1391.0,1260.0
1331672,20201106,06,21,3301.0,1391.0,1260.0
1331672,20201109,06,21,3159.0,1391.0,1200.0
1331672,20201110,6,21,3125.0,1391.0,1200.0
1331672,20201111,6,21,3177.0,1391.0,1260.0
1331672,20201105,6,25,3124.0,1627.0,1560.0
1331672,20201106,06,25,3301.0,1627.0,1560.0
1331672,20201109,06,25,3159.0,1627.0,1560.0
1331672,20201110,6,25,3125.0,1627.0,1665.0
1331672,20201111,6,25,3177.0,1627.0,1560.0
1331672,20201112,06,25,3506.0,1627.0,1560.0
1331672,20201113,06,25,3317.0,1627.0,1560.0
1331672,20201116,6,25,3120.0,1627.0,1560.0
1331672,20201117,06,25,3153.0,1627.0,1560.0
1331672,20201118,06,25,3550.0,1627.0,1560.0
1331672,20201119,06,25,3171.0,1627.0,1995.0
1331672,20201120,06,25,3167.0,1627.0,1560.0
1331672,20201123,06,25,3143.0,1627.0,1560.0
1331672,20201124,06,25,3130.0,1627.0,1560.0
1331672,20201125,06,25,3313.0,1627.0,1560.0
1331672,20201126,06,25,3550.0,1627.0,1560.0
1331672,20201127,06,25,3130.0,1627.0,2430.0
1331672,20201105,6,25,3124.0,1627.0,1560.0
1331672,20201106,06,25,3301.0,1627.0,1560.0
1331672,20201109,06,25,3159.0,1627.0,1560.0
1331672,20201110,6,25,3125.0,1627.0,1665.0
1331672,20201111,6,25,3177.0,1627.0,1560.0
1331672,20201105,6,24,3124.0,1585.0,1445.0
1331672,20201106,06,24,3301.0,1585.0,1430.0
1331672,20201109,06,24,3159.0,1585.0,1370.0
1331672,20201110,6,24,3125.0,1585.0,1550.0
1331672,20201111,6,24,3177.0,1585.0,1430.0
1331672,20201112,06,24,3506.0,1585.0,1445.0
1331672,20201113,06,24,3317.0,1585.0,1385.0
1331672,20201116,6,24,3120.0,1585.0,1445.0
1331672,20201117,06,24,3153.0,1585.0,1430.0
1331672,20201118,06,24,3550.0,1585.0,1445.0
1331672,20201119,06,24,3171.0,1585.0,1880.0
1331672,20201120,06,24,3167.0,1585.0,1370.0
1331672,20201123,06,24,3143.0,1585.0,1340.0
1331672,20201124,06,24,3130.0,1585.0,1415.0
1331672,20201125,06,24,3313.0,1585.0,1355.0
1331672,20201126,06,24,3550.0,1585.0,1355.0
1331672,20201127,06,24,3130.0,1585.0,2315.0
1331672,20201105,6,24,3124.0,1585.0,1445.0
1331672,20201106,06,24,3301.0,1585.0,1430.0
1331672,20201109,06,24,3159.0,1585.0,1370.0
1331672,20201110,6,24,3125.0,1585.0,1550.0
1331672,20201111,6,24,3177.0,1585.0,1430.0
1331672,20201105,6,23,3124.0,1560.0,1391.0
1331672,20201106,06,23,3301.0,1560.0,1376.0
1331672,20201109,06,23,3159.0,1560.0,1316.0
1331672,20201110,6,23,3125.0,1560.0,1496.0
1331672,20201111,6,23,3177.0,1560.0,1376.0
1331672,20201112,06,23,3506.0,1560.0,1391.0
1331672,20201113,06,23,3317.0,1560.0,1331.0
1331672,20201116,6,23,3120.0,1560.0,1391.0
1331672,20201117,06,23,3153.0,1560.0,1376.0
1331672,20201118,06,23,3550.0,1560.0,1391.0
1331672,20201119,06,23,3171.0,1560.0,1826.0
1331672,20201120,06,23,3167.0,1560.0,1316.0
1331672,20201123,06,23,3143.0,1560.0,1286.0
1331672,20201124,06,23,3130.0,1560.0,1361.0
1331672,20201125,06,23,3313.0,1560.0,1301.0
1331672,20201126,06,23,3550.0,1560.0,1301.0
1331672,20201127,06,23,3130.0,1560.0,2261.0
1331672,20201105,6,23,3124.0,1560.0,1391.0
1331672,20201106,06,23,3301.0,1560.0,1376.0
1331672,20201109,06,23,3159.0,1560.0,1316.0
1331672,20201110,6,23,3125.0,1560.0,1496.0
1331672,20201111,6,23,3177.0,1560.0,1376.0
1331672,20201105,6,22,3124.0,1445.0,1297.0
1331672,20201106,06,22,3301.0,1445.0,1282.0
1331672,20201109,06,22,3159.0,1445.0,1224.0
1331672,20201110,6,22,3125.0,1445.0,1402.0
1331672,20201111,6,22,3177.0,1445.0,1282.0
1331672,20201112,06,22,3506.0,1445.0,1297.0
1331672,20201113,06,22,3317.0,1445.0,1237.0
1331672,20201116,6,22,3120.0,1445.0,1297.0
1331672,20201117,06,22,3153.0,1445.0,1282.0
1331672,20201118,06,22,3550.0,1445.0,1309.0
1331672,20201119,06,22,3171.0,1445.0,1732.0
1331672,20201120,06,22,3167.0,1445.0,1222.0
1331672,20201123,06,22,3143.0,1445.0,1216.0
1331672,20201124,06,22,3130.0,1445.0,1267.0
1331672,20201125,06,22,3313.0,1445.0,1216.0
1331672,20201126,06,22,3550.0,1445.0,1232.0
1331672,20201127,06,22,3130.0,1445.0,2167.0
1331672,20201105,6,22,3124.0,1445.0,1297.0
1331672,20201106,06,22,3301.0,1445.0,1282.0
1331672,20201109,06,22,3159.0,1445.0,1224.0
1331672,20201110,6,22,3125.0,1445.0,1402.0
1331672,20201111,6,22,3177.0,1445.0,1282.0
1331672,20201105,6,35,3124.0,2040.0,1829.0
1331672,20201106,06,35,3301.0,2040.0,1859.0
1331672,20201109,06,35,3159.0,2040.0,1829.0
1331672,20201110,6,35,3125.0,2040.0,1949.0
1331672,20201111,6,35,3177.0,2040.0,1874.0
1331672,20201112,06,35,3506.0,2040.0,1754.0
1331672,20201113,06,35,3317.0,2040.0,1769.0
1331672,20201116,6,35,3120.0,2040.0,1874.0
1331672,20201117,06,35,3153.0,2040.0,1829.0
1331672,20201118,06,35,3550.0,2040.0,1859.0
1331672,20201119,06,35,3171.0,2040.0,2264.0
1331672,20201120,06,35,3167.0,2040.0,1799.0
1331672,20201123,06,35,3143.0,2040.0,1814.0
1331672,20201124,06,35,3130.0,2040.0,1889.0
1331672,20201125,06,35,3313.0,2040.0,1784.0
1331672,20201126,06,35,3550.0,2040.0,1814.0
1331672,20201127,06,35,3130.0,2040.0,2759.0
1331672,20201105,6,35,3124.0,2040.0,1829.0
1331672,20201106,06,35,3301.0,2040.0,1859.0
1331672,20201109,06,35,3159.0,2040.0,1829.0
1331672,20201110,6,35,3125.0,2040.0,1949.0
1331672,20201111,6,35,3177.0,2040.0,1874.0
1331672,20201105,6,34,3124.0,1997.0,1726.0
1331672,20201106,06,34,3301.0,1997.0,1756.0
1331672,20201109,06,34,3159.0,1997.0,1726.0
1331672,20201110,6,34,3125.0,1997.0,1846.0
1331672,20201111,6,34,3177.0,1997.0,1771.0
1331672,20201112,06,34,3506.0,1997.0,1651.0
1331672,20201113,06,34,3317.0,1997.0,1666.0
1331672,20201116,6,34,3120.0,1997.0,1771.0
1331672,20201117,06,34,3153.0,1997.0,1726.0
1331672,20201118,06,34,3550.0,1997.0,1756.0
1331672,20201119,06,34,3171.0,1997.0,2161.0
1345661,20201124,12,19,3350.0,744.0,1134.0
1345661,20201125,12,19,3356.0,744.0,999.0
1345661,20201126,12,19,3558.0,744.0,1404.0
1345661,20201127,12,19,3560.0,744.0,1119.0
1345661,20201105,12,19,3357.0,744.0,909.0
1345661,20201106,12,19,3534.0,744.0,1014.0
1345661,20201109,12,19,3362.0,744.0,834.0
1345661,20201110,12,19,3376.0,744.0,894.0
1345661,20201111,12,19,3359.0,744.0,849.0
1345661,20201105,12,20,3357.0,780.0,945.0
1345661,20201106,12,20,3534.0,780.0,1050.0
1345661,20201109,12,20,3362.0,780.0,870.0
1345661,20201110,12,20,3376.0,780.0,930.0
1345661,20201111,12,20,3359.0,780.0,885.0
1345661,20201112,12,20,3370.0,780.0,960.0
1345661,20201113,12,20,3534.0,780.0,1035.0
1345661,20201116,12,20,3357.0,780.0,840.0
1345661,20201117,12,20,3364.0,780.0,795.0
1345661,20201118,12,20,3531.0,780.0,795.0
1345661,20201119,12,20,3365.0,780.0,960.0
1345661,20201120,12,20,3359.0,780.0,780.0
1345661,20201123,12,20,3364.0,780.0,1005.0
1345661,20201124,12,20,3350.0,780.0,1170.0
1345661,20201125,12,20,3356.0,780.0,1035.0
1345661,20201126,12,20,3558.0,780.0,1440.0
1345661,20201127,12,20,3560.0,780.0,1155.0
1345661,20201105,12,20,3357.0,780.0,945.0
1345661,20201106,12,20,3534.0,780.0,1050.0
1345661,20201109,12,20,3362.0,780.0,870.0
1345661,20201110,12,20,3376.0,780.0,930.0
1345661,20201111,12,20,3359.0,780.0,885.0
1345661,20201105,12,21,3357.0,833.0,953.0
1345661,20201106,12,21,3534.0,833.0,1047.0
1345661,20201109,12,21,3362.0,833.0,852.0
1345661,20201110,12,21,3376.0,833.0,928.0
1345661,20201111,12,21,3359.0,833.0,880.0
1345661,20201112,12,21,3370.0,833.0,923.0
1345661,20201113,12,21,3534.0,833.0,1028.0
1345661,20201116,12,21,3357.0,833.0,818.0
1345661,20201117,12,21,3364.0,833.0,782.0
1345661,20201118,12,21,3531.0,833.0,848.0
1345661,20201119,12,21,3365.0,833.0,930.0
1345661,20201120,12,21,3359.0,833.0,788.0
1345661,20201123,12,21,3364.0,833.0,1028.0
1345661,20201124,12,21,3350.0,833.0,1208.0
1345661,20201125,12,21,3356.0,833.0,1017.0
1345661,20201126,12,21,3558.0,833.0,1415.0
1345661,20201127,12,21,3560.0,833.0,1193.0
1345661,20201105,12,21,3357.0,833.0,953.0
1345661,20201106,12,21,3534.0,833.0,1047.0
1345661,20201109,12,21,3362.0,833.0,852.0
1345661,20201110,12,21,3376.0,833.0,928.0
1345661,20201111,12,21,3359.0,833.0,880.0
1345661,20201105,12,22,3357.0,877.0,997.0
1345661,20201106,12,22,3534.0,877.0,1087.0
1345661,20201109,12,22,3362.0,877.0,892.0
1345661,20201110,12,22,3376.0,877.0,967.0
1345661,20201111,12,22,3359.0,877.0,907.0
1345661,20201112,12,22,3370.0,877.0,967.0
1345661,20201113,12,22,3534.0,877.0,1072.0
1345661,20201116,12,22,3357.0,877.0,862.0
1345661,20201117,12,22,3364.0,877.0,817.0
1345661,20201118,12,22,3531.0,877.0,892.0
1345661,20201119,12,22,3365.0,877.0,952.0
1345661,20201120,12,22,3359.0,877.0,832.0
1345661,20201123,12,22,3364.0,877.0,1072.0
1345661,20201124,12,22,3350.0,877.0,1252.0
1345661,20201125,12,22,3356.0,877.0,1057.0
1345661,20201126,12,22,3558.0,877.0,1432.0
1345661,20201127,12,22,3560.0,877.0,1237.0
1345661,20201105,12,22,3357.0,877.0,997.0
1345661,20201106,12,22,3534.0,877.0,1087.0
1345661,20201109,12,22,3362.0,877.0,892.0
1345661,20201110,12,22,3376.0,877.0,967.0
1345661,20201111,12,22,3359.0,877.0,907.0
1345661,20201105,12,23,3357.0,914.0,1034.0
1345661,20201106,12,23,3534.0,914.0,1124.0
1345661,20201109,12,23,3362.0,914.0,929.0
1345661,20201110,12,23,3376.0,914.0,1004.0
1345661,20201111,12,23,3359.0,914.0,944.0
1345661,20201112,12,23,3370.0,914.0,1004.0
1345661,20201113,12,23,3534.0,914.0,1109.0
1345661,20201116,12,23,3357.0,914.0,899.0
1345661,20201117,12,23,3364.0,914.0,854.0
1345661,20201118,12,23,3531.0,914.0,929.0
1345661,20201119,12,23,3365.0,914.0,989.0
1345661,20201120,12,23,3359.0,914.0,869.0
1345661,20201123,12,23,3364.0,914.0,1109.0
1345661,20201124,12,23,3350.0,914.0,1289.0
1345661,20201125,12,23,3356.0,914.0,1094.0
1345661,20201126,12,23,3558.0,914.0,1469.0
1345661,20201127,12,23,3560.0,914.0,1274.0
1345661,20201105,12,23,3357.0,914.0,1034.0
1345661,20201106,12,23,3534.0,914.0,1124.0
1345661,20201109,12,23,3362.0,914.0,929.0
1345661,20201110,12,23,3376.0,914.0,1004.0
1345661,20201111,12,23,3359.0,914.0,944.0
1345661,20201105,12,24,3357.0,951.0,1071.0
1345661,20201106,12,24,3534.0,951.0,1161.0
1345661,20201109,12,24,3362.0,951.0,966.0
1345661,20201110,12,24,3376.0,951.0,1041.0
1345661,20201111,12,24,3359.0,951.0,981.0
1345661,20201112,12,24,3370.0,951.0,1041.0
1345661,20201113,12,24,3534.0,951.0,1146.0
1345661,20201116,12,24,3357.0,951.0,936.0
1345661,20201117,12,24,3364.0,951.0,891.0
1345661,20201118,12,24,3531.0,951.0,966.0
1345661,20201119,12,24,3365.0,951.0,1026.0
1345661,20201120,12,24,3359.0,951.0,906.0
1345661,20201123,12,24,3364.0,951.0,1146.0
1345661,20201124,12,24,3350.0,951.0,1326.0
1345661,20201125,12,24,3356.0,951.0,1131.0
1345661,20201126,12,24,3558.0,951.0,1506.0
1345661,20201127,12,24,3560.0,951.0,1311.0
1345661,20201105,12,24,3357.0,951.0,1071.0
1345661,20201106,12,24,3534.0,951.0,1161.0
1345661,20201109,12,24,3362.0,951.0,966.0
1345661,20201110,12,24,3376.0,951.0,1041.0
1345661,20201111,12,24,3359.0,951.0,981.0
1345661,20201105,12,25,3357.0,1015.0,1135.0
1345661,20201106,12,25,3534.0,1015.0,1225.0
1345661,20201109,12,25,3362.0,1015.0,1030.0
1345661,20201110,12,25,3376.0,1015.0,1105.0
1345661,20201111,12,25,3359.0,1015.0,1045.0
1345661,20201112,12,25,3370.0,1015.0,1105.0
1345661,20201113,12,25,3534.0,1015.0,1210.0
1345661,20201116,12,25,3357.0,1015.0,1000.0
1345661,20201117,12,25,3364.0,1015.0,955.0
1345661,20201118,12,25,3531.0,1015.0,1030.0
1345661,20201119,12,25,3365.0,1015.0,1090.0
1345661,20201120,12,25,3359.0,1015.0,970.0
1345661,20201123,12,25,3364.0,1015.0,1210.0
1345661,20201124,12,25,3350.0,1015.0,1390.0
1345661,20201125,12,25,3356.0,1015.0,1195.0
1345661,20201126,12,25,3558.0,1015.0,1570.0
1345661,20201127,12,25,3560.0,1015.0,1375.0
1345661,20201105,12,25,3357.0,1015.0,1135.0
1345661,20201106,12,25,3534.0,1015.0,1225.0
1345661,20201109,12,25,3362.0,1015.0,1030.0
1345661,20201110,12,25,3376.0,1015.0,1105.0
1345661,20201111,12,25,3359.0,1015.0,1045.0
1345661,20201105,12,26,3357.0,1080.0,1200.0
1345661,20201106,12,26,3534.0,1080.0,1290.0
1345661,20201109,12,26,3362.0,1080.0,1095.0
1345661,20201110,12,26,3376.0,1080.0,1170.0
1345661,20201111,12,26,3359.0,1080.0,1110.0
1345661,20201112,12,26,3370.0,1080.0,1170.0
1345661,20201113,12,26,3534.0,1080.0,1275.0
1345661,20201116,12,26,3357.0,1080.0,1080.0
1345661,20201117,12,26,3364.0,1080.0,1080.0
1345661,20201118,12,26,3531.0,1080.0,1095.0
1345661,20201119,12,26,3365.0,1080.0,1155.0
1345661,20201120,12,26,3359.0,1080.0,1080.0
1345661,20201123,12,26,3364.0,1080.0,1275.0
1345661,20201124,12,26,3350.0,1080.0,1455.0
1345661,20201125,12,26,3356.0,1080.0,1260.0
1345661,20201126,12,26,3558.0,1080.0,1635.0
1345661,20201127,12,26,3560.0,1080.0,1440.0
1345661,20201105,12,26,3357.0,1080.0,1200.0
1345661,20201106,12,26,3534.0,1080.0,1290.0
1345661,20201109,12,26,3362.0,1080.0,1095.0
1345661,20201110,12,26,3376.0,1080.0,1170.0
1345661,20201111,12,26,3359.0,1080.0,1110.0
1345661,20201105,12,27,3357.0,1122.0,1527.0
1345661,20201106,12,27,3534.0,1122.0,1497.0
1345661,20201109,12,27,3362.0,1122.0,1602.0
1345661,20201110,12,27,3376.0,1122.0,1512.0
1345661,20201111,12,27,3359.0,1122.0,1482.0
1345661,20201112,12,27,3370.0,1122.0,1467.0
1345661,20201113,12,27,3534.0,1122.0,1392.0
1345661,20201116,12,27,3357.0,1122.0,1572.0
1345661,20201117,12,27,3364.0,1122.0,1572.0
1345661,20201118,12,27,3531.0,1122.0,1122.0
1345661,20201119,12,27,3365.0,1122.0,1242.0
1345661,20201120,12,27,3359.0,1122.0,1047.0
1345661,20201123,12,27,3364.0,1122.0,1304.0
1345661,20201124,12,27,3350.0,1122.0,1392.0
1345661,20201125,12,27,3356.0,1122.0,1317.0
1345661,20201126,12,27,3558.0,1122.0,1707.0
1345661,20201127,12,27,3560.0,1122.0,1392.0
1345661,20201105,12,27,3357.0,1122.0,1527.0
1345661,20201106,12,27,3534.0,1122.0,1497.0
1345661,20201109,12,27,3362.0,1122.0,1602.0
1345661,20201110,12,27,3376.0,1122.0,1512.0
1345661,20201111,12,27,3359.0,1122.0,1482.0
1345661,20201105,12,28,3357.0,1179.0,1584.0
1345661,20201106,12,28,3534.0,1179.0,1554.0
1345661,20201109,12,28,3362.0,1179.0,1659.0
1345661,20201110,12,28,3376.0,1179.0,1569.0
1345661,20201111,12,28,3359.0,1179.0,1539.0
1345661,20201112,12,28,3370.0,1179.0,1524.0
1345661,20201113,12,28,3534.0,1179.0,1449.0
1345661,20201116,12,28,3357.0,1179.0,1629.0
1345661,20201117,12,28,3364.0,1179.0,1629.0
1345661,20201118,12,28,3531.0,1179.0,1179.0
1345661,20201119,12,28,3365.0,1179.0,1299.0
1345661,20201120,12,28,3359.0,1179.0,1104.0
1345661,20201123,12,28,3364.0,1179.0,1359.0
1345661,20201123,12,30,3364.0,1305.0,1485.0
1345661,20201124,12,30,3350.0,1305.0,1575.0
1345661,20201125,12,30,3356.0,1305.0,1500.0
1345661,20201126,12,30,3558.0,1305.0,1890.0
1345661,20201127,12,30,3560.0,1305.0,1575.0
1345661,20201105,12,30,3357.0,1305.0,1710.0
1345661,20201106,12,30,3534.0,1305.0,1680.0
1345661,20201109,12,30,3362.0,1305.0,1785.0
1345661,20201110,12,30,3376.0,1305.0,1695.0
1345661,20201111,12,30,3359.0,1305.0,1665.0
1345661,20201105,12,31,3357.0,1320.0,1725.0
1345661,20201106,12,31,3534.0,1320.0,1695.0
1345661,20201109,12,31,3362.0,1320.0,1800.0
1345661,20201110,12,31,3376.0,1320.0,1710.0
1345661,20201111,12,31,3359.0,1320.0,1680.0
1345661,20201112,12,31,3370.0,1320.0,1665.0
1345661,20201113,12,31,3534.0,1320.0,1590.0
1345661,20201116,12,31,3357.0,1320.0,1770.0
1345661,20201117,12,31,3364.0,1320.0,1770.0
1345661,20201118,12,31,3531.0,1320.0,1320.0
1345661,20201119,12,31,3365.0,1320.0,1440.0
1345661,20201120,12,31,3359.0,1320.0,1245.0
1345661,20201123,12,31,3364.0,1320.0,1500.0
1345661,20201124,12,31,3350.0,1320.0,1590.0
1345661,20201125,12,31,3356.0,1320.0,1515.0
1345661,20201126,12,31,3558.0,1320.0,1905.0
1345661,20201127,12,31,3560.0,1320.0,1590.0
1345661,20201105,12,31,3357.0,1320.0,1725.0
1345661,20201106,12,31,3534.0,1320.0,1695.0
1345661,20201109,12,31,3362.0,1320.0,1800.0
1345661,20201110,12,31,3376.0,1320.0,1710.0
1345661,20201111,12,31,3359.0,1320.0,1680.0
1346229,20201105,16,2,3513.0,63.0,18.0
1346229,20201106,16,2,3361.0,63.0,806.0
1346229,20201109,16,2,3547.0,63.0,228.0
1346229,20201110,16,2,3519.0,63.0,153.0
1346229,20201111,16,2,3154.0,63.0,360.0
1346229,20201112,16,2,3302.0,63.0,588.0
1346229,20201113,16,2,3305.0,63.0,78.0
1346229,20201116,16,2,3314.0,63.0,72.0
1346229,20201117,16,2,3336.0,63.0,585.0
1346229,20201118,16,2,3314.0,63.0,31.0
1346229,20201119,16,2,3505.0,63.0,168.0
1346229,20201120,16,2,3506.0,63.0,348.0
1337170,20201109,17,16,3560.0,640.0,855.0
1337170,20201110,17,16,3532.0,640.0,915.0
1337170,20201111,17,16,3559.0,640.0,870.0
1337170,20201112,17,16,3356.0,640.0,840.0
1337170,20201113,17,16,3531.0,640.0,930.0
1337170,20201116,17,16,3542.0,640.0,1020.0
1337170,20201117,17,16,3541.0,640.0,825.0
1337170,20201118,17,16,3556.0,640.0,825.0
1337170,20201119,17,16,3376.0,640.0,900.0
1337170,20201120,17,16,3529.0,640.0,915.0
1337170,20201123,17,16,3369.0,640.0,915.0
1337170,20201124,17,16,3377.0,640.0,930.0
1337170,20201125,17,16,3359.0,640.0,885.0
1337170,20201126,17,16,3561.0,640.0,945.0
1337170,20201127,17,16,3540.0,640.0,945.0
1337170,20201105,17,16,3362.0,640.0,930.0
1337170,20201106,17,16,3375.0,640.0,945.0
1337170,20201109,17,16,3560.0,640.0,855.0
1337170,20201110,17,16,3532.0,640.0,915.0
1337170,20201111,17,16,3559.0,640.0,870.0
1337170,20201105,17,17,3362.0,706.0,936.0
1337170,20201106,17,17,3375.0,706.0,955.0
1337170,20201109,17,17,3560.0,706.0,840.0
1337170,20201110,17,17,3532.0,706.0,944.0
1337170,20201111,17,17,3559.0,706.0,932.0
1337170,20201112,17,17,3356.0,706.0,821.0
1337170,20201113,17,17,3531.0,706.0,932.0
1337170,20201116,17,17,3542.0,706.0,972.0
1337170,20201117,17,17,3541.0,706.0,828.0
1337170,20201118,17,17,3556.0,706.0,839.0
1337170,20201119,17,17,3376.0,706.0,939.0
1337170,20201120,17,17,3529.0,706.0,940.0
1337170,20201123,17,17,3369.0,706.0,920.0
1337170,20201124,17,17,3377.0,706.0,928.0
1337170,20201125,17,17,3359.0,706.0,921.0
1337170,20201126,17,17,3561.0,706.0,939.0
1337170,20201127,17,17,3540.0,706.0,982.0
1337170,20201105,17,17,3362.0,706.0,936.0
1337170,20201106,17,17,3375.0,706.0,955.0
1337170,20201109,17,17,3560.0,706.0,840.0
1337170,20201110,17,17,3532.0,706.0,944.0
1337170,20201111,17,17,3559.0,706.0,932.0
1337170,20201105,17,18,3362.0,758.0,936.0
1337170,20201106,17,18,3375.0,758.0,955.0
1337170,20201109,17,18,3560.0,758.0,841.0
1337170,20201110,17,18,3532.0,758.0,944.0
1337170,20201111,17,18,3559.0,758.0,932.0
1337170,20201112,17,18,3356.0,758.0,841.0
1337170,20201113,17,18,3531.0,758.0,932.0
1337170,20201116,17,18,3542.0,758.0,972.0
1337170,20201117,17,18,3541.0,758.0,828.0
1337170,20201118,17,18,3556.0,758.0,839.0
1337170,20201119,17,18,3376.0,758.0,939.0
1337170,20201120,17,18,3529.0,758.0,976.0
1337170,20201123,17,18,3369.0,758.0,920.0
1337170,20201124,17,18,3377.0,758.0,928.0
1337170,20201125,17,18,3359.0,758.0,946.0
1337170,20201126,17,18,3561.0,758.0,939.0
1337170,20201127,17,18,3540.0,758.0,982.0
1337170,20201105,17,18,3362.0,758.0,936.0
1337170,20201106,17,18,3375.0,758.0,955.0
1337170,20201109,17,18,3560.0,758.0,841.0
1337170,20201110,17,18,3532.0,758.0,944.0
1337170,20201111,17,18,3559.0,758.0,932.0
1337170,20201105,17,19,3362.0,824.0,936.0
1337170,20201106,17,19,3375.0,824.0,955.0
1337170,20201109,17,19,3560.0,824.0,893.0
1337170,20201110,17,19,3532.0,824.0,944.0
1337170,20201111,17,19,3559.0,824.0,932.0
1337170,20201112,17,19,3356.0,824.0,893.0
1337170,20201113,17,19,3531.0,824.0,932.0
1337170,20201116,17,19,3542.0,824.0,972.0
1337170,20201117,17,19,3541.0,824.0,828.0
1337170,20201118,17,19,3556.0,824.0,839.0
1337170,20201119,17,19,3376.0,824.0,939.0
1337170,20201120,17,19,3529.0,824.0,1028.0
1337170,20201123,17,19,3369.0,824.0,938.0
1337170,20201124,17,19,3377.0,824.0,928.0
1337170,20201125,17,19,3359.0,824.0,998.0
1337170,20201126,17,19,3561.0,824.0,939.0
1337170,20201127,17,19,3540.0,824.0,982.0
1337170,20201105,17,19,3362.0,824.0,936.0
1337170,20201106,17,19,3375.0,824.0,955.0
1337170,20201109,17,19,3560.0,824.0,893.0
1337170,20201110,17,19,3532.0,824.0,944.0
1337170,20201111,17,19,3559.0,824.0,932.0
1337170,20201105,17,20,3362.0,921.0,974.0
1337170,20201106,17,20,3375.0,921.0,989.0
1337170,20201109,17,20,3560.0,921.0,959.0
1337170,20201110,17,20,3532.0,921.0,944.0
1337170,20201111,17,20,3559.0,921.0,974.0
1337170,20201112,17,20,3356.0,921.0,959.0
1337170,20201113,17,20,3531.0,921.0,974.0
1337170,20201116,17,20,3542.0,921.0,972.0
1337170,20201117,17,20,3541.0,921.0,869.0
1337170,20201118,17,20,3556.0,921.0,854.0
1337170,20201119,17,20,3376.0,921.0,974.0
1337170,20201120,17,20,3529.0,921.0,1094.0
1337170,20201123,17,20,3369.0,921.0,1004.0
1337170,20201124,17,20,3377.0,921.0,989.0
1337170,20201125,17,20,3359.0,921.0,1064.0
1337170,20201126,17,20,3561.0,921.0,989.0
1337170,20201127,17,20,3540.0,921.0,982.0
1337170,20201105,17,20,3362.0,921.0,974.0
1337170,20201106,17,20,3375.0,921.0,989.0
1337170,20201109,17,20,3560.0,921.0,959.0
1337170,20201110,17,20,3532.0,921.0,944.0
1337170,20201111,17,20,3559.0,921.0,974.0
1337170,20201105,17,21,3362.0,996.0,1071.0
1337170,20201106,17,21,3375.0,996.0,1086.0
1337170,20201109,17,21,3560.0,996.0,1056.0
1337170,20201110,17,21,3532.0,996.0,1041.0
1337170,20201111,17,21,3559.0,996.0,1071.0
1337170,20201112,17,21,3356.0,996.0,1056.0
1337170,20201113,17,21,3531.0,996.0,1071.0
1337170,20201116,17,21,3542.0,996.0,1056.0
1337170,20201117,17,21,3541.0,996.0,966.0
1337170,20201118,17,21,3556.0,996.0,951.0
1337170,20201119,17,21,3376.0,996.0,1071.0
1337170,20201120,17,21,3529.0,996.0,1191.0
1337170,20201123,17,21,3369.0,996.0,1101.0
1337170,20201124,17,21,3377.0,996.0,1086.0
1337170,20201125,17,21,3359.0,996.0,1161.0
1337170,20201126,17,21,3561.0,996.0,1086.0
1337170,20201127,17,21,3540.0,996.0,1071.0
1337170,20201105,17,21,3362.0,996.0,1071.0
1337170,20201106,17,21,3375.0,996.0,1086.0
1337170,20201109,17,21,3560.0,996.0,1056.0
1337170,20201110,17,21,3532.0,996.0,1041.0
1337170,20201111,17,21,3559.0,996.0,1071.0
1337170,20201105,17,22,3362.0,1080.0,1146.0
1337170,20201106,17,22,3375.0,1080.0,1161.0
1337170,20201109,17,22,3560.0,1080.0,1131.0
1337170,20201110,17,22,3532.0,1080.0,1116.0
1337170,20201111,17,22,3559.0,1080.0,1146.0
1337170,20201112,17,22,3356.0,1080.0,1131.0
1337170,20201113,17,22,3531.0,1080.0,1146.0
1337170,20201116,17,22,3542.0,1080.0,1131.0
1337170,20201117,17,22,3541.0,1080.0,1041.0
1337170,20201118,17,22,3556.0,1080.0,1026.0
1337170,20201119,17,22,3376.0,1080.0,1146.0
1337170,20201120,17,22,3529.0,1080.0,1266.0
1337170,20201123,17,22,3369.0,1080.0,1176.0
1337170,20201124,17,22,3377.0,1080.0,1161.0
1337170,20201125,17,22,3359.0,1080.0,1236.0
1337170,20201126,17,22,3561.0,1080.0,1161.0
1337170,20201127,17,22,3540.0,1080.0,1146.0
1337170,20201105,17,22,3362.0,1080.0,1146.0
1337170,20201106,17,22,3375.0,1080.0,1161.0
1337170,20201109,17,22,3560.0,1080.0,1131.0
1337170,20201110,17,22,3532.0,1080.0,1116.0
1337170,20201111,17,22,3559.0,1080.0,1146.0
1337170,20201105,17,23,3362.0,1139.0,1230.0
1337170,20201106,17,23,3375.0,1139.0,1245.0
1337170,20201109,17,23,3560.0,1139.0,1215.0
1337170,20201110,17,23,3532.0,1139.0,1200.0
1337170,20201111,17,23,3559.0,1139.0,1230.0
1337170,20201112,17,23,3356.0,1139.0,1215.0
1337170,20201113,17,23,3531.0,1139.0,1230.0
1337170,20201116,17,23,3542.0,1139.0,1215.0
1337170,20201117,17,23,3541.0,1139.0,1125.0
1337170,20201118,17,23,3556.0,1139.0,1110.0
1337170,20201119,17,23,3376.0,1139.0,1230.0
1337170,20201120,17,23,3529.0,1139.0,1350.0
1337170,20201123,17,23,3369.0,1139.0,1260.0
1337170,20201124,17,23,3377.0,1139.0,1245.0
1337170,20201125,17,23,3359.0,1139.0,1320.0
1337170,20201126,17,23,3561.0,1139.0,1245.0
1337170,20201127,17,23,3540.0,1139.0,1230.0
1337170,20201105,17,23,3362.0,1139.0,1230.0
1337170,20201106,17,23,3375.0,1139.0,1245.0
1337170,20201109,17,23,3560.0,1139.0,1215.0
1337170,20201110,17,23,3532.0,1139.0,1200.0
1337170,20201111,17,23,3559.0,1139.0,1230.0
1337170,20201105,17,24,3362.0,1233.0,1304.0
1337170,20201106,17,24,3375.0,1233.0,1229.0
1337170,20201109,17,24,3560.0,1233.0,1238.0
1337170,20201110,17,24,3532.0,1233.0,1229.0
1337170,20201111,17,24,3559.0,1233.0,1217.0
1337170,20201112,17,24,3356.0,1233.0,1244.0
1337170,20201113,17,24,3531.0,1233.0,1244.0
1337170,20201116,17,24,3542.0,1233.0,1229.0
1337170,20201117,17,24,3541.0,1233.0,1199.0
1337170,20201118,17,24,3556.0,1233.0,1139.0
1337170,20201119,17,24,3376.0,1233.0,1222.0
1337170,20201120,17,24,3529.0,1233.0,1409.0
1337170,20201123,17,24,3369.0,1233.0,1289.0
1337170,20201124,17,24,3377.0,1233.0,1199.0
1337170,20201125,17,24,3359.0,1233.0,1349.0
1337170,20201126,17,24,3561.0,1233.0,1244.0
1337170,20201127,17,24,3540.0,1233.0,1424.0
1337170,20201105,17,24,3362.0,1233.0,1304.0
1337170,20201106,17,24,3375.0,1233.0,1229.0
1337170,20201109,17,24,3560.0,1233.0,1238.0
1337170,20201110,17,24,3532.0,1233.0,1229.0
1337170,20201111,17,24,3559.0,1233.0,1217.0
1337170,20201105,17,25,3362.0,1287.0,1398.0
1337170,20201106,17,25,3375.0,1287.0,1323.0
1337170,20201109,17,25,3560.0,1287.0,1308.0
1337170,20201110,17,25,3532.0,1287.0,1323.0
1337170,20201111,17,25,3559.0,1287.0,1293.0
1337170,20201112,17,25,3356.0,1287.0,1338.0
1337170,20201113,17,25,3531.0,1287.0,1338.0
1337170,20201116,17,25,3542.0,1287.0,1229.0
1337170,20201117,17,25,3541.0,1287.0,1293.0
1337170,20201118,17,25,3556.0,1287.0,1233.0
1337170,20201119,17,25,3376.0,1287.0,1278.0
1337170,20201120,17,25,3529.0,1287.0,1503.0
1337170,20201123,17,25,3369.0,1287.0,1383.0
1337170,20201124,17,25,3377.0,1287.0,1293.0
1337170,20201125,17,25,3359.0,1287.0,1443.0
1337170,20201126,17,25,3561.0,1287.0,1338.0
1337170,20201127,17,25,3540.0,1287.0,1518.0
1337170,20201105,17,25,3362.0,1287.0,1398.0
1337170,20201106,17,25,3375.0,1287.0,1323.0
1337170,20201109,17,25,3560.0,1287.0,1308.0
1337170,20201110,17,25,3532.0,1287.0,1323.0
1337170,20201111,17,25,3559.0,1287.0,1293.0
1337170,20201105,17,26,3362.0,1309.0,1452.0
1337170,20201106,17,26,3375.0,1309.0,1377.0
1337170,20201109,17,26,3560.0,1309.0,1362.0
1337170,20201110,17,26,3532.0,1309.0,1377.0
1337170,20201111,17,26,3559.0,1309.0,1347.0
1337170,20201112,17,26,3356.0,1309.0,1392.0
1337170,20201113,17,26,3531.0,1309.0,1392.0
1337170,20201116,17,26,3542.0,1309.0,1272.0
1337170,20201117,17,26,3541.0,1309.0,1347.0
1337170,20201118,17,26,3556.0,1309.0,1287.0
1337170,20201119,17,26,3376.0,1309.0,1332.0
1337170,20201120,17,26,3529.0,1309.0,1557.0
1337170,20201123,17,26,3369.0,1309.0,1437.0
1337170,20201124,17,26,3377.0,1309.0,1347.0
1337170,20201125,17,26,3359.0,1309.0,1497.0
1337170,20201126,17,26,3561.0,1309.0,1392.0
1337170,20201127,17,26,3540.0,1309.0,1572.0
1337170,20201105,17,26,3362.0,1309.0,1452.0
1337170,20201106,17,26,3375.0,1309.0,1377.0
1337170,20201109,17,26,3560.0,1309.0,1362.0
1337170,20201110,17,26,3532.0,1309.0,1377.0
1337170,20201111,17,26,3559.0,1309.0,1347.0
1337170,20201105,17,27,3362.0,1380.0,1474.0
1337170,20201106,17,27,3375.0,1380.0,1399.0
1337170,20201109,17,27,3560.0,1380.0,1384.0
1337170,20201110,17,27,3532.0,1380.0,1399.0
1337170,20201111,17,27,3559.0,1380.0,1369.0
1337170,20201112,17,27,3356.0,1380.0,1414.0
1337170,20201113,17,27,3531.0,1380.0,1414.0
1337170,20201116,17,27,3542.0,1380.0,1294.0
1337170,20201117,17,27,3541.0,1380.0,1369.0
1337170,20201118,17,27,3556.0,1380.0,1309.0
1337170,20201119,17,27,3376.0,1380.0,1354.0
1337170,20201120,17,27,3529.0,1380.0,1579.0
1337170,20201123,17,27,3369.0,1380.0,1459.0
1337170,20201124,17,27,3377.0,1380.0,1369.0
1337170,20201125,17,27,3359.0,1380.0,1519.0
1337170,20201126,17,27,3561.0,1380.0,1414.0
1337170,20201127,17,27,3540.0,1380.0,1594.0
1337170,20201105,17,27,3362.0,1380.0,1474.0
1337170,20201106,17,27,3375.0,1380.0,1399.0
1337170,20201109,17,27,3560.0,1380.0,1384.0
1337170,20201110,17,27,3532.0,1380.0,1399.0
1337170,20201111,17,27,3559.0,1380.0,1369.0
1337170,20201105,17,28,3362.0,1470.0,1545.0
1337170,20201106,17,28,3375.0,1470.0,1470.0
1337170,20201109,17,28,3560.0,1470.0,1455.0
1337170,20201110,17,28,3532.0,1470.0,1470.0
1337170,20201111,17,28,3559.0,1470.0,1440.0
1337170,20201112,17,28,3356.0,1470.0,1485.0
1337170,20201113,17,28,3531.0,1470.0,1485.0
1337170,20201116,17,28,3542.0,1470.0,1380.0
1337170,20201117,17,28,3541.0,1470.0,1440.0
1337170,20201118,17,28,3556.0,1470.0,1380.0
1337170,20201119,17,28,3376.0,1470.0,1425.0
1337170,20201120,17,28,3529.0,1470.0,1650.0
1337170,20201123,17,28,3369.0,1470.0,1530.0
1337170,20201124,17,28,3377.0,1470.0,1440.0
1337170,20201125,17,28,3359.0,1470.0,1590.0
1337170,20201126,17,28,3561.0,1470.0,1485.0
1337170,20201127,17,28,3540.0,1470.0,1665.0
1337170,20201105,17,28,3362.0,1470.0,1545.0
1337170,20201106,17,28,3375.0,1470.0,1470.0
1337170,20201109,17,28,3560.0,1470.0,1455.0
1337170,20201110,17,28,3532.0,1470.0,1470.0
1337170,20201111,17,28,3559.0,1470.0,1440.0
1337170,20201105,17,29,3362.0,1567.0,1544.0
1342619,20201111,1,9,3130.0,360.0,465.0
1342619,20201112,01,9,3512.0,360.0,465.0
1342619,20201113,01,9,3147.0,360.0,480.0
1342619,20201116,1,9,3548.0,360.0,480.0
1342619,20201117,01,9,3167.0,360.0,450.0
1342619,20201118,01,9,3320.0,360.0,360.0
1342619,20201119,01,9,3344.0,360.0,390.0
1342619,20201123,01,9,3307.0,360.0,390.0
1342619,20201124,01,9,3301.0,360.0,525.0
1342619,20201125,01,9,3327.0,360.0,720.0
1342619,20201126,01,9,3170.0,360.0,780.0
1342619,20201127,01,9,3132.0,360.0,870.0
1342619,20201105,1,9,3507.0,360.0,495.0
1342619,20201106,01,9,3513.0,360.0,510.0
1342619,20201109,01,9,3332.0,360.0,600.0
1342619,20201110,1,9,3317.0,360.0,735.0
1342619,20201111,1,9,3130.0,360.0,465.0
1342619,20201105,1,10,3507.0,394.0,574.0
1342619,20201106,01,10,3513.0,394.0,634.0
1342619,20201109,01,10,3332.0,394.0,754.0
1342619,20201110,1,10,3317.0,394.0,814.0
1342619,20201111,1,10,3130.0,394.0,559.0
1335069,20201105,13,5,3521.0,186.0,156.0
1335069,20201106,13,5,3501.0,186.0,171.0
1335069,20201109,13,5,3178.0,186.0,111.0
1335069,20201110,13,5,3170.0,186.0,276.0
1335069,20201111,13,5,3336.0,186.0,291.0
1335069,20201105,13,6,3521.0,225.0,195.0
1335069,20201106,13,6,3501.0,225.0,210.0
1335069,20201109,13,6,3178.0,225.0,150.0
1335069,20201110,13,6,3170.0,225.0,315.0
1335069,20201111,13,6,3336.0,225.0,330.0
1335069,20201112,13,6,3150.0,225.0,195.0
1335069,20201113,13,6,3351.0,225.0,105.0
1335069,20201116,13,6,3343.0,225.0,90.0
1335069,20201117,13,6,3335.0,225.0,240.0
1335069,20201118,13,6,3501.0,225.0,195.0
1335069,20201119,13,6,3153.0,225.0,270.0
1335069,20201120,13,6,3142.0,225.0,120.0
1335069,20201123,13,6,3329.0,225.0,210.0
1335069,20201124,13,6,3174.0,225.0,165.0
1335069,20201125,13,6,3143.0,225.0,255.0
1335069,20201126,13,6,3162.0,225.0,270.0
1335069,20201127,13,6,3351.0,225.0,330.0
1335139,20201124,13,18,3359.0,810.0,1050.0
1335139,20201125,13,18,3539.0,810.0,870.0
1335139,20201126,13,18,3375.0,810.0,720.0
1335139,20201127,13,18,3546.0,810.0,1080.0
1335139,20201105,13,18,3528.0,810.0,1050.0
1335139,20201106,13,18,3529.0,810.0,975.0
1335139,20201109,13,18,3365.0,810.0,870.0
1335139,20201110,13,18,3029.0,810.0,1245.0
1335139,20201111,13,18,3542.0,810.0,1260.0
1335139,20201105,13,17,3528.0,785.0,1025.0
1335139,20201106,13,17,3529.0,785.0,950.0
1335139,20201109,13,17,3365.0,785.0,845.0
1335139,20201110,13,17,3029.0,785.0,1220.0
1335139,20201111,13,17,3542.0,785.0,1235.0
1335139,20201112,13,17,3350.0,785.0,1025.0
1335139,20201113,13,17,3377.0,785.0,1160.0
1335139,20201116,13,17,3369.0,785.0,1145.0
1335139,20201117,13,17,3365.0,785.0,969.0
1335139,20201118,13,17,3357.0,785.0,1205.0
1335139,20201119,13,17,3368.0,785.0,1130.0
1335139,20201120,13,17,3357.0,785.0,1235.0
1335139,20201123,13,17,3561.0,785.0,1145.0
1335139,20201124,13,17,3359.0,785.0,1025.0
1335139,20201125,13,17,3539.0,785.0,845.0
1335139,20201126,13,17,3375.0,785.0,695.0
1335139,20201127,13,17,3546.0,785.0,1055.0
1335139,20201105,13,17,3528.0,785.0,1025.0
1335139,20201106,13,17,3529.0,785.0,950.0
1335139,20201109,13,17,3365.0,785.0,845.0
1335139,20201110,13,17,3029.0,785.0,1220.0
1335139,20201111,13,17,3542.0,785.0,1235.0
1335139,20201105,13,16,3528.0,724.0,1015.0
1335139,20201106,13,16,3529.0,724.0,889.0
1335139,20201109,13,16,3365.0,724.0,784.0
1335139,20201110,13,16,3029.0,724.0,1159.0
1335139,20201111,13,16,3542.0,724.0,1174.0
1335139,20201112,13,16,3350.0,724.0,1016.0
1335139,20201113,13,16,3377.0,724.0,1099.0
1335139,20201116,13,16,3369.0,724.0,1127.0
1335139,20201117,13,16,3365.0,724.0,969.0
1335139,20201118,13,16,3357.0,724.0,1144.0
1335139,20201119,13,16,3368.0,724.0,1069.0
1335139,20201120,13,16,3357.0,724.0,1174.0
1335139,20201123,13,16,3561.0,724.0,1084.0
1335139,20201124,13,16,3359.0,724.0,975.0
1335139,20201125,13,16,3539.0,724.0,816.0
1335139,20201126,13,16,3375.0,724.0,634.0
1335139,20201127,13,16,3546.0,724.0,1021.0
1335139,20201105,13,16,3528.0,724.0,1015.0
1335139,20201106,13,16,3529.0,724.0,889.0
1335139,20201109,13,16,3365.0,724.0,784.0
1335139,20201110,13,16,3029.0,724.0,1159.0
1335139,20201111,13,16,3542.0,724.0,1174.0
1335139,20201105,13,27,3528.0,1255.0,1540.0
1335139,20201106,13,27,3529.0,1255.0,1450.0
1335139,20201109,13,27,3365.0,1255.0,1360.0
1335139,20201110,13,27,3029.0,1255.0,1705.0
1335139,20201111,13,27,3542.0,1255.0,1720.0
1335139,20201112,13,27,3350.0,1255.0,1525.0
1335139,20201113,13,27,3377.0,1255.0,1645.0
1335139,20201116,13,27,3369.0,1255.0,1645.0
1335139,20201117,13,27,3365.0,1255.0,1450.0
1335139,20201118,13,27,3357.0,1255.0,1705.0
1335139,20201119,13,27,3368.0,1255.0,1615.0
1335139,20201120,13,27,3357.0,1255.0,1705.0
1335139,20201123,13,27,3561.0,1255.0,1630.0
1335139,20201124,13,27,3359.0,1255.0,1525.0
1335139,20201125,13,27,3539.0,1255.0,1360.0
1335139,20201126,13,27,3375.0,1255.0,1180.0
1335139,20201127,13,27,3546.0,1255.0,1525.0
1335139,20201105,13,27,3528.0,1255.0,1540.0
1335139,20201106,13,27,3529.0,1255.0,1450.0
1335139,20201109,13,27,3365.0,1255.0,1360.0
1335139,20201110,13,27,3029.0,1255.0,1705.0
1335139,20201111,13,27,3542.0,1255.0,1720.0
1335139,20201105,13,28,3528.0,1320.0,1605.0
1335139,20201106,13,28,3529.0,1320.0,1515.0
1335139,20201109,13,28,3365.0,1320.0,1425.0
1335139,20201110,13,28,3029.0,1320.0,1770.0
1335139,20201111,13,28,3542.0,1320.0,1785.0
1335139,20201112,13,28,3350.0,1320.0,1590.0
1335139,20201113,13,28,3377.0,1320.0,1710.0
1335139,20201116,13,28,3369.0,1320.0,1710.0
1335139,20201117,13,28,3365.0,1320.0,1515.0
1335139,20201118,13,28,3357.0,1320.0,1770.0
1335139,20201119,13,28,3368.0,1320.0,1680.0
1335139,20201120,13,28,3357.0,1320.0,1770.0
1335139,20201123,13,28,3561.0,1320.0,1695.0
1335139,20201124,13,28,3359.0,1320.0,1590.0
1335139,20201125,13,28,3539.0,1320.0,1425.0
1335139,20201126,13,28,3375.0,1320.0,1245.0
1335139,20201127,13,28,3546.0,1320.0,1590.0
1335139,20201105,13,28,3528.0,1320.0,1605.0
1335139,20201106,13,28,3529.0,1320.0,1515.0
1335139,20201109,13,28,3365.0,1320.0,1425.0
1335139,20201110,13,28,3029.0,1320.0,1770.0
1335139,20201111,13,28,3542.0,1320.0,1785.0
1335139,20201105,13,29,3528.0,1401.0,1620.0
1335139,20201106,13,29,3529.0,1401.0,1515.0
1335139,20201109,13,29,3365.0,1401.0,1425.0
1335139,20201110,13,29,3029.0,1401.0,1770.0
1335139,20201111,13,29,3542.0,1401.0,1800.0
1335139,20201112,13,29,3350.0,1401.0,1590.0
1335139,20201113,13,29,3377.0,1401.0,1740.0
1335139,20201116,13,29,3369.0,1401.0,1710.0
1335139,20201117,13,29,3365.0,1401.0,1515.0
1335139,20201118,13,29,3357.0,1401.0,1800.0
1335139,20201119,13,29,3368.0,1401.0,1680.0
1335139,20201120,13,29,3357.0,1401.0,1770.0
1335139,20201123,13,29,3561.0,1401.0,1740.0
1335139,20201124,13,29,3359.0,1401.0,1620.0
1335139,20201125,13,29,3539.0,1401.0,1425.0
1335139,20201126,13,29,3375.0,1401.0,1320.0
1335139,20201127,13,29,3546.0,1401.0,1620.0
1335139,20201105,13,29,3528.0,1401.0,1620.0
1335139,20201106,13,29,3529.0,1401.0,1515.0
1335139,20201109,13,29,3365.0,1401.0,1425.0
1335139,20201110,13,29,3029.0,1401.0,1770.0
1335139,20201111,13,29,3542.0,1401.0,1800.0
1335139,20201105,13,30,3528.0,1479.0,1641.0
1335139,20201106,13,30,3529.0,1479.0,1551.0
1335139,20201109,13,30,3365.0,1479.0,1400.0
1335139,20201110,13,30,3029.0,1479.0,1821.0
1335139,20201111,13,30,3542.0,1479.0,1866.0
1335139,20201112,13,30,3350.0,1479.0,1626.0
1335139,20201113,13,30,3377.0,1479.0,1746.0
1335139,20201116,13,30,3369.0,1479.0,1731.0
1335139,20201117,13,30,3365.0,1479.0,1521.0
1335139,20201118,13,30,3357.0,1479.0,1821.0
1335139,20201119,13,30,3368.0,1479.0,1746.0
1335139,20201120,13,30,3357.0,1479.0,1762.0
1335139,20201123,13,30,3561.0,1479.0,1746.0
1335139,20201124,13,30,3359.0,1479.0,1656.0
1335139,20201125,13,30,3539.0,1479.0,1424.0
1335139,20201126,13,30,3375.0,1479.0,1326.0
1335139,20201127,13,30,3546.0,1479.0,1746.0
1335139,20201106,13,30,3529.0,1479.0,1551.0
1335139,20201109,13,30,3365.0,1479.0,1400.0
1335139,20201110,13,30,3029.0,1479.0,1821.0
1335139,20201111,13,30,3542.0,1479.0,1866.0
1335139,20201105,13,31,3528.0,1524.0,1719.0
1335139,20201106,13,31,3529.0,1524.0,1629.0
1335139,20201109,13,31,3365.0,1524.0,1464.0
1335139,20201110,13,31,3029.0,1524.0,1899.0
1335139,20201111,13,31,3542.0,1524.0,1944.0
1335139,20201112,13,31,3350.0,1524.0,1704.0
1335139,20201113,13,31,3377.0,1524.0,1824.0
1335139,20201116,13,31,3369.0,1524.0,1809.0
1335139,20201117,13,31,3365.0,1524.0,1599.0
1335139,20201118,13,31,3357.0,1524.0,1899.0
1335139,20201119,13,31,3368.0,1524.0,1824.0
1335139,20201120,13,31,3357.0,1524.0,1809.0
1335139,20201123,13,31,3561.0,1524.0,1824.0
1334454,20201105,106,9,3033.0,540.0,540.0
1334454,20201106,106,9,3033.0,540.0,540.0
1334454,20201109,106,9,3544.0,540.0,540.0
1334454,20201110,106,9,3370.0,540.0,540.0
1334454,20201111,106,9,3026.0,540.0,705.0
1334454,20201112,106,9,3544.0,540.0,540.0
1334454,20201113,106,9,3362.0,540.0,540.0
1334454,20201116,106,9,3541.0,540.0,540.0
1334454,20201117,106,9,3031.0,540.0,540.0
1334454,20201118,106,9,3360.0,540.0,765.0
1334454,20201119,106,9,3375.0,540.0,540.0
1334454,20201120,106,9,3537.0,540.0,540.0
1334454,20201123,106,9,3377.0,540.0,540.0
1334454,20201124,106,9,3031.0,540.0,540.0
1334454,20201125,106,9,3558.0,540.0,540.0
1334454,20201126,106,9,3358.0,540.0,540.0
1334454,20201127,106,9,3536.0,540.0,585.0
1334454,20201105,106,9,3033.0,540.0,540.0
1334454,20201106,106,9,3033.0,540.0,540.0
1334454,20201109,106,9,3544.0,540.0,540.0
1334454,20201110,106,9,3370.0,540.0,540.0
1334454,20201111,106,9,3026.0,540.0,705.0
1334454,20201105,106,8,3033.0,480.0,375.0
1334454,20201106,106,8,3033.0,480.0,450.0
1334454,20201109,106,8,3544.0,480.0,390.0
1334454,20201110,106,8,3370.0,480.0,390.0
1334454,20201111,106,8,3026.0,480.0,645.0
1334454,20201112,106,8,3544.0,480.0,375.0
1334454,20201113,106,8,3362.0,480.0,390.0
1334454,20201116,106,8,3541.0,480.0,375.0
1334454,20201117,106,8,3031.0,480.0,390.0
1334454,20201118,106,8,3360.0,480.0,705.0
1334454,20201119,106,8,3375.0,480.0,390.0
1334454,20201120,106,8,3537.0,480.0,375.0
1334454,20201123,106,8,3377.0,480.0,375.0
1334454,20201124,106,8,3031.0,480.0,390.0
1334454,20201125,106,8,3558.0,480.0,435.0
1334454,20201126,106,8,3358.0,480.0,390.0
1334454,20201127,106,8,3536.0,480.0,525.0
1334454,20201105,106,8,3033.0,480.0,375.0
1334454,20201106,106,8,3033.0,480.0,450.0
1334454,20201109,106,8,3544.0,480.0,390.0
1334454,20201110,106,8,3370.0,480.0,390.0
1334454,20201111,106,8,3026.0,480.0,645.0
1334454,20201105,106,7,3033.0,429.0,324.0
1334454,20201106,106,7,3033.0,429.0,399.0
1334454,20201109,106,7,3544.0,429.0,339.0
1334454,20201110,106,7,3370.0,429.0,339.0
1334454,20201111,106,7,3026.0,429.0,594.0
1334454,20201112,106,7,3544.0,429.0,324.0
1334454,20201113,106,7,3362.0,429.0,339.0
1334454,20201116,106,7,3541.0,429.0,324.0
1334454,20201117,106,7,3031.0,429.0,339.0
1334454,20201118,106,7,3360.0,429.0,654.0
1334454,20201119,106,7,3375.0,429.0,339.0
1334454,20201120,106,7,3537.0,429.0,324.0
1334454,20201123,106,7,3377.0,429.0,324.0
1334454,20201124,106,7,3031.0,429.0,339.0
1334454,20201125,106,7,3558.0,429.0,384.0
1334454,20201126,106,7,3358.0,429.0,339.0
1334454,20201127,106,7,3536.0,429.0,474.0
1334454,20201105,106,7,3033.0,429.0,324.0
1334454,20201106,106,7,3033.0,429.0,399.0
1334454,20201109,106,7,3544.0,429.0,339.0
1334454,20201110,106,7,3370.0,429.0,339.0
1334454,20201111,106,7,3026.0,429.0,594.0
1334454,20201105,106,6,3033.0,389.0,284.0
1334454,20201106,106,6,3033.0,389.0,359.0
1334454,20201109,106,6,3544.0,389.0,299.0
1334454,20201110,106,6,3370.0,389.0,299.0
1334454,20201111,106,6,3026.0,389.0,554.0
1334454,20201112,106,6,3544.0,389.0,284.0
1334454,20201113,106,6,3362.0,389.0,299.0
1334454,20201116,106,6,3541.0,389.0,287.0
1334454,20201117,106,6,3031.0,389.0,299.0
1334454,20201118,106,6,3360.0,389.0,629.0
1334454,20201119,106,6,3375.0,389.0,299.0
1334454,20201120,106,6,3537.0,389.0,284.0
1334454,20201123,106,6,3377.0,389.0,284.0
1334454,20201124,106,6,3031.0,389.0,299.0
1334454,20201125,106,6,3558.0,389.0,344.0
1334454,20201126,106,6,3358.0,389.0,299.0
1334454,20201127,106,6,3536.0,389.0,434.0
1334454,20201105,106,6,3033.0,389.0,284.0
1334454,20201106,106,6,3033.0,389.0,359.0
1334454,20201109,106,6,3544.0,389.0,299.0
1334454,20201110,106,6,3370.0,389.0,299.0
1334454,20201111,106,6,3026.0,389.0,554.0
1334454,20201105,106,5,3033.0,333.0,228.0
1334454,20201106,106,5,3033.0,333.0,303.0
1334454,20201109,106,5,3544.0,333.0,272.0
1334454,20201110,106,5,3370.0,333.0,288.0
1334454,20201111,106,5,3026.0,333.0,514.0
1334454,20201112,106,5,3544.0,333.0,228.0
1334454,20201113,106,5,3362.0,333.0,243.0
1334454,20201116,106,5,3541.0,333.0,287.0
1334454,20201117,106,5,3031.0,333.0,249.0
1334454,20201118,106,5,3360.0,333.0,629.0
1334454,20201119,106,5,3375.0,333.0,290.0
1334454,20201120,106,5,3537.0,333.0,241.0
1334454,20201123,106,5,3377.0,333.0,275.0
1334454,20201124,106,5,3031.0,333.0,243.0
1334454,20201125,106,5,3558.0,333.0,313.0
1334454,20201126,106,5,3358.0,333.0,243.0
1334454,20201127,106,5,3536.0,333.0,418.0
1334454,20201105,106,5,3033.0,333.0,228.0
1334454,20201106,106,5,3033.0,333.0,303.0
1334454,20201109,106,5,3544.0,333.0,272.0
1334454,20201110,106,5,3370.0,333.0,288.0
1343648,20201112,93,24,3541.0,824.0,929.0
1343648,20201113,93,24,3373.0,824.0,959.0
1343648,20201116,93,24,3556.0,824.0,839.0
1343648,20201117,93,24,3355.0,824.0,1034.0
1343648,20201118,93,24,3373.0,824.0,1034.0
1343648,20201119,93,24,3350.0,824.0,1034.0
1343648,20201120,93,24,3561.0,824.0,1094.0
1343648,20201123,93,24,3540.0,824.0,1049.0
1343648,20201124,93,24,3365.0,824.0,899.0
1343648,20201125,93,24,3360.0,824.0,989.0
1343648,20201126,93,24,3368.0,824.0,1169.0
1343648,20201127,93,24,3559.0,824.0,1034.0
1343648,20201105,93,24,3376.0,824.0,1109.0
1343648,20201106,93,24,3537.0,824.0,959.0
1343648,20201109,93,24,3556.0,824.0,824.0
1343648,20201110,93,24,3350.0,824.0,959.0
1343648,20201111,93,24,3367.0,824.0,1124.0
1343648,20201105,93,23,3376.0,790.0,1075.0
1343648,20201106,93,23,3537.0,790.0,925.0
1343648,20201109,93,23,3556.0,790.0,790.0
1343648,20201110,93,23,3350.0,790.0,925.0
1343648,20201111,93,23,3367.0,790.0,1090.0
1343648,20201112,93,23,3541.0,790.0,895.0
1343648,20201113,93,23,3373.0,790.0,925.0
1343648,20201116,93,23,3556.0,790.0,805.0
1343648,20201117,93,23,3355.0,790.0,1000.0
1343648,20201118,93,23,3373.0,790.0,1000.0
1343648,20201119,93,23,3350.0,790.0,1000.0
1343648,20201120,93,23,3561.0,790.0,1060.0
1343648,20201123,93,23,3540.0,790.0,1015.0
1343648,20201124,93,23,3365.0,790.0,865.0
1343648,20201125,93,23,3360.0,790.0,955.0
1343648,20201126,93,23,3368.0,790.0,1135.0
1343648,20201127,93,23,3559.0,790.0,1000.0
1343648,20201105,93,23,3376.0,790.0,1075.0
1343648,20201106,93,23,3537.0,790.0,925.0
1343648,20201109,93,23,3556.0,790.0,790.0
1343648,20201110,93,23,3350.0,790.0,925.0
1343648,20201111,93,23,3367.0,790.0,1090.0
1343648,20201105,93,22,3376.0,750.0,1035.0
1343648,20201106,93,22,3537.0,750.0,885.0
1343648,20201109,93,22,3556.0,750.0,750.0
1343648,20201110,93,22,3350.0,750.0,885.0
1343648,20201111,93,22,3367.0,750.0,1050.0
1343648,20201112,93,22,3541.0,750.0,855.0
1343648,20201113,93,22,3373.0,750.0,885.0
1343648,20201116,93,22,3556.0,750.0,765.0
1343648,20201117,93,22,3355.0,750.0,960.0
1343648,20201118,93,22,3373.0,750.0,960.0
1343648,20201119,93,22,3350.0,750.0,960.0
1343648,20201120,93,22,3561.0,750.0,1020.0
1343648,20201123,93,22,3540.0,750.0,975.0
1343648,20201124,93,22,3365.0,750.0,825.0
1343648,20201125,93,22,3360.0,750.0,915.0
1343648,20201126,93,22,3368.0,750.0,1095.0
1343648,20201127,93,22,3559.0,750.0,960.0
1343648,20201105,93,22,3376.0,750.0,1035.0
1343648,20201106,93,22,3537.0,750.0,885.0
1343648,20201109,93,22,3556.0,750.0,750.0
1343648,20201110,93,22,3350.0,750.0,885.0
1343648,20201111,93,22,3367.0,750.0,1050.0
1343648,20201105,93,21,3376.0,707.0,992.0
1343648,20201106,93,21,3537.0,707.0,842.0
1343648,20201109,93,21,3556.0,707.0,707.0
1343648,20201110,93,21,3350.0,707.0,842.0
1343648,20201111,93,21,3367.0,707.0,1007.0
1343648,20201112,93,21,3541.0,707.0,812.0
1343648,20201113,93,21,3373.0,707.0,842.0
1343648,20201116,93,21,3556.0,707.0,722.0
1343648,20201117,93,21,3355.0,707.0,917.0
1343648,20201118,93,21,3373.0,707.0,917.0
1343648,20201119,93,21,3350.0,707.0,917.0
1343648,20201120,93,21,3561.0,707.0,977.0
1343648,20201123,93,21,3540.0,707.0,932.0
1343648,20201124,93,21,3365.0,707.0,782.0
1343648,20201125,93,21,3360.0,707.0,872.0
1343648,20201126,93,21,3368.0,707.0,1052.0
1343648,20201127,93,21,3559.0,707.0,917.0
1343648,20201105,93,21,3376.0,707.0,992.0
1343648,20201106,93,21,3537.0,707.0,842.0
1343648,20201109,93,21,3556.0,707.0,707.0
1343648,20201110,93,21,3350.0,707.0,842.0
1343648,20201111,93,21,3367.0,707.0,1007.0
1343648,20201105,93,20,3376.0,659.0,944.0
1343648,20201106,93,20,3537.0,659.0,794.0
1343648,20201109,93,20,3556.0,659.0,659.0
1343648,20201110,93,20,3350.0,659.0,794.0
1343648,20201111,93,20,3367.0,659.0,959.0
1343648,20201112,93,20,3541.0,659.0,764.0
1343648,20201113,93,20,3373.0,659.0,794.0
1343648,20201116,93,20,3556.0,659.0,674.0
1343648,20201117,93,20,3355.0,659.0,869.0
1343648,20201118,93,20,3373.0,659.0,869.0
1343648,20201119,93,20,3350.0,659.0,869.0
1343648,20201120,93,20,3561.0,659.0,929.0
1343648,20201123,93,20,3540.0,659.0,884.0
1343648,20201124,93,20,3365.0,659.0,734.0
1343648,20201125,93,20,3360.0,659.0,824.0
1343648,20201126,93,20,3368.0,659.0,1004.0
1343648,20201127,93,20,3559.0,659.0,869.0
1343648,20201105,93,20,3376.0,659.0,944.0
1343648,20201106,93,20,3537.0,659.0,794.0
1343648,20201109,93,20,3556.0,659.0,659.0
1343648,20201110,93,20,3350.0,659.0,794.0
1343648,20201111,93,20,3367.0,659.0,959.0
1343648,20201105,93,19,3376.0,616.0,901.0
1343648,20201106,93,19,3537.0,616.0,751.0
1343648,20201109,93,19,3556.0,616.0,616.0
1343648,20201110,93,19,3350.0,616.0,751.0
1343648,20201111,93,19,3367.0,616.0,916.0
1343648,20201112,93,19,3541.0,616.0,721.0
1343648,20201113,93,19,3373.0,616.0,751.0
1343648,20201116,93,19,3556.0,616.0,631.0
1343648,20201117,93,19,3355.0,616.0,826.0
1343648,20201118,93,19,3373.0,616.0,826.0
1343648,20201119,93,19,3350.0,616.0,826.0
1343648,20201120,93,19,3561.0,616.0,886.0
1343648,20201123,93,19,3540.0,616.0,841.0
1343648,20201124,93,19,3365.0,616.0,691.0
1343648,20201125,93,19,3360.0,616.0,781.0
1343648,20201126,93,19,3368.0,616.0,961.0
1343648,20201127,93,19,3559.0,616.0,826.0
1343648,20201105,93,19,3376.0,616.0,901.0
1343648,20201106,93,19,3537.0,616.0,751.0
1343648,20201109,93,19,3556.0,616.0,616.0
1343648,20201110,93,19,3350.0,616.0,751.0
1343648,20201111,93,19,3367.0,616.0,916.0
1343648,20201105,93,18,3376.0,588.0,873.0
1343648,20201106,93,18,3537.0,588.0,723.0
1343648,20201109,93,18,3556.0,588.0,588.0
1343648,20201110,93,18,3350.0,588.0,723.0
1343648,20201111,93,18,3367.0,588.0,888.0
1343648,20201112,93,18,3541.0,588.0,693.0
1343648,20201113,93,18,3373.0,588.0,723.0
1343648,20201116,93,18,3556.0,588.0,603.0
1343648,20201117,93,18,3355.0,588.0,798.0
1343648,20201118,93,18,3373.0,588.0,798.0
1343648,20201119,93,18,3350.0,588.0,798.0
1343648,20201120,93,18,3561.0,588.0,858.0
1343648,20201123,93,18,3540.0,588.0,813.0
1343648,20201124,93,18,3365.0,588.0,663.0
1343648,20201125,93,18,3360.0,588.0,753.0
1343648,20201126,93,18,3368.0,588.0,933.0
1343648,20201127,93,18,3559.0,588.0,798.0
1343648,20201105,93,18,3376.0,588.0,873.0
1343648,20201106,93,18,3537.0,588.0,723.0
1343648,20201109,93,18,3556.0,588.0,588.0
1343648,20201110,93,18,3350.0,588.0,723.0
1343648,20201111,93,18,3367.0,588.0,888.0
1343648,20201105,93,17,3376.0,551.0,836.0
1343648,20201106,93,17,3537.0,551.0,686.0
1343648,20201109,93,17,3556.0,551.0,551.0
1343648,20201110,93,17,3350.0,551.0,686.0
1343648,20201111,93,17,3367.0,551.0,851.0
1343648,20201112,93,17,3541.0,551.0,656.0
1343648,20201113,93,17,3373.0,551.0,686.0
1343648,20201116,93,17,3556.0,551.0,566.0
1343648,20201117,93,17,3355.0,551.0,761.0
1343648,20201118,93,17,3373.0,551.0,761.0
1343648,20201119,93,17,3350.0,551.0,761.0
1343648,20201120,93,17,3561.0,551.0,821.0
1343648,20201123,93,17,3540.0,551.0,776.0
1343648,20201124,93,17,3365.0,551.0,626.0
1343648,20201125,93,17,3360.0,551.0,716.0
1343648,20201126,93,17,3368.0,551.0,896.0
1343648,20201127,93,17,3559.0,551.0,761.0
1343648,20201105,93,17,3376.0,551.0,836.0
1343648,20201106,93,17,3537.0,551.0,686.0
1343648,20201109,93,17,3556.0,551.0,551.0
1343648,20201110,93,17,3350.0,551.0,686.0
1343648,20201111,93,17,3367.0,551.0,851.0
1343648,20201105,93,16,3376.0,531.0,816.0
1343648,20201106,93,16,3537.0,531.0,666.0
1343648,20201109,93,16,3556.0,531.0,531.0
1343648,20201110,93,16,3350.0,531.0,666.0
1343648,20201111,93,16,3367.0,531.0,831.0
1343648,20201112,93,16,3541.0,531.0,636.0
1343648,20201113,93,16,3373.0,531.0,666.0
1343648,20201116,93,16,3556.0,531.0,546.0
1343648,20201117,93,16,3355.0,531.0,741.0
1343648,20201118,93,16,3373.0,531.0,741.0
1343648,20201119,93,16,3350.0,531.0,741.0
1343648,20201120,93,16,3561.0,531.0,801.0
1343648,20201123,93,16,3540.0,531.0,756.0
1343648,20201124,93,16,3365.0,531.0,606.0
1343648,20201125,93,16,3360.0,531.0,696.0
1343648,20201126,93,16,3368.0,531.0,876.0
1343648,20201127,93,16,3559.0,531.0,741.0
1343648,20201105,93,16,3376.0,531.0,816.0
1343648,20201106,93,16,3537.0,531.0,666.0
1343648,20201109,93,16,3556.0,531.0,531.0
1343648,20201110,93,16,3350.0,531.0,666.0
1343648,20201111,93,16,3367.0,531.0,831.0
1343648,20201105,93,15,3376.0,484.0,769.0
1343648,20201106,93,15,3537.0,484.0,619.0
1343648,20201109,93,15,3556.0,484.0,496.0
1343648,20201110,93,15,3350.0,484.0,619.0
1343648,20201111,93,15,3367.0,484.0,784.0
1343648,20201112,93,15,3541.0,484.0,589.0
1343648,20201113,93,15,3373.0,484.0,619.0
1343648,20201116,93,15,3556.0,484.0,499.0
1343648,20201117,93,15,3355.0,484.0,694.0
1343648,20201118,93,15,3373.0,484.0,694.0
1343648,20201119,93,15,3350.0,484.0,694.0
1343648,20201120,93,15,3561.0,484.0,754.0
1343648,20201123,93,15,3540.0,484.0,709.0
1343648,20201124,93,15,3365.0,484.0,559.0
1343648,20201125,93,15,3360.0,484.0,649.0
1343648,20201126,93,15,3368.0,484.0,829.0
1343648,20201127,93,15,3559.0,484.0,694.0
1343648,20201105,93,15,3376.0,484.0,769.0
1343648,20201106,93,15,3537.0,484.0,619.0
1343648,20201109,93,15,3556.0,484.0,496.0
1343648,20201110,93,15,3350.0,484.0,619.0
1343648,20201111,93,15,3367.0,484.0,784.0
1343648,20201105,93,14,3376.0,460.0,745.0
1343648,20201106,93,14,3537.0,460.0,618.0
1343648,20201109,93,14,3556.0,460.0,496.0
1343648,20201110,93,14,3350.0,460.0,595.0
1343648,20201111,93,14,3367.0,460.0,760.0
1343685,20201118,93,14,3534.0,1491.0,1536.0
1343685,20201119,93,14,3532.0,1491.0,1461.0
1343685,20201120,93,14,3377.0,1491.0,1536.0
1343685,20201123,93,14,3374.0,1491.0,1434.0
1343685,20201124,93,14,3376.0,1491.0,1491.0
1343685,20201125,93,14,3531.0,1491.0,1671.0
1343685,20201126,93,14,3377.0,1491.0,1611.0
1343685,20201127,93,14,3365.0,1491.0,1431.0
1343685,20201105,93,14,3538.0,1491.0,1641.0
1343685,20201106,93,14,3544.0,1491.0,1491.0
1343685,20201109,93,14,3535.0,1491.0,1656.0
1343685,20201110,93,14,3558.0,1491.0,1596.0
1343685,20201111,93,14,3375.0,1491.0,1541.0
1343685,20201105,93,15,3538.0,1522.0,1672.0
1343685,20201106,93,15,3544.0,1522.0,1522.0
1343685,20201109,93,15,3535.0,1522.0,1687.0
1343685,20201110,93,15,3558.0,1522.0,1627.0
1343685,20201111,93,15,3375.0,1522.0,1541.0
1343685,20201112,93,15,3531.0,1522.0,1867.0
1343685,20201113,93,15,3540.0,1522.0,1537.0
1343685,20201116,93,15,3534.0,1522.0,1462.0
1343685,20201117,93,15,3532.0,1522.0,1583.0
1343685,20201118,93,15,3534.0,1522.0,1567.0
1343685,20201119,93,15,3532.0,1522.0,1492.0
1343685,20201120,93,15,3377.0,1522.0,1567.0
1343685,20201123,93,15,3374.0,1522.0,1447.0
1343685,20201124,93,15,3376.0,1522.0,1522.0
1343685,20201125,93,15,3531.0,1522.0,1702.0
1343685,20201126,93,15,3377.0,1522.0,1642.0
1343685,20201127,93,15,3365.0,1522.0,1462.0
1343685,20201105,93,15,3538.0,1522.0,1672.0
1343685,20201106,93,15,3544.0,1522.0,1522.0
1343685,20201109,93,15,3535.0,1522.0,1687.0
1343685,20201110,93,15,3558.0,1522.0,1627.0
1343685,20201111,93,15,3375.0,1522.0,1541.0
1343685,20201105,93,16,3538.0,1563.0,1713.0
1343685,20201106,93,16,3544.0,1563.0,1563.0
1343685,20201109,93,16,3535.0,1563.0,1728.0
1343685,20201110,93,16,3558.0,1563.0,1668.0
1343685,20201111,93,16,3375.0,1563.0,1578.0
1343685,20201112,93,16,3531.0,1563.0,1908.0
1343685,20201113,93,16,3540.0,1563.0,1578.0
1343685,20201116,93,16,3534.0,1563.0,1503.0
1343685,20201117,93,16,3532.0,1563.0,1623.0
1343685,20201106,93,30,3544.0,2240.0,2210.0
1343685,20201109,93,30,3535.0,2240.0,2585.0
1343685,20201110,93,30,3558.0,2240.0,2450.0
1343685,20201111,93,30,3375.0,2240.0,2195.0
1343685,20201112,93,30,3531.0,2240.0,2585.0
1343685,20201113,93,30,3540.0,2240.0,2465.0
1343685,20201116,93,30,3534.0,2240.0,2345.0
1343685,20201117,93,30,3532.0,2240.0,2195.0
1343685,20201118,93,30,3534.0,2240.0,2525.0
1343685,20201119,93,30,3532.0,2240.0,2300.0
1343685,20201120,93,30,3377.0,2240.0,2435.0
1343685,20201123,93,30,3374.0,2240.0,2165.0
1343685,20201124,93,30,3376.0,2240.0,2315.0
1343685,20201125,93,30,3531.0,2240.0,2345.0
1343685,20201126,93,30,3377.0,2240.0,2330.0
1343685,20201127,93,30,3365.0,2240.0,2420.0
1343685,20201105,93,30,3538.0,2240.0,2345.0
1343685,20201106,93,30,3544.0,2240.0,2210.0
1343685,20201109,93,30,3535.0,2240.0,2585.0
1343685,20201110,93,30,3558.0,2240.0,2450.0
1343685,20201111,93,30,3375.0,2240.0,2195.0
1343685,20201105,93,31,3538.0,2280.0,2385.0
1343685,20201106,93,31,3544.0,2280.0,2250.0
1343685,20201109,93,31,3535.0,2280.0,2625.0
1343685,20201110,93,31,3558.0,2280.0,2490.0
1343685,20201111,93,31,3375.0,2280.0,2235.0
1343685,20201112,93,31,3531.0,2280.0,2625.0
1343685,20201113,93,31,3540.0,2280.0,2505.0
1343685,20201116,93,31,3534.0,2280.0,2385.0
1343685,20201117,93,31,3532.0,2280.0,2235.0
1343685,20201118,93,31,3534.0,2280.0,2565.0
1343685,20201119,93,31,3532.0,2280.0,2340.0
1343685,20201120,93,31,3377.0,2280.0,2475.0
1343685,20201123,93,31,3374.0,2280.0,2205.0
1343685,20201124,93,31,3376.0,2280.0,2355.0
1343685,20201125,93,31,3531.0,2280.0,2385.0
1343685,20201126,93,31,3377.0,2280.0,2370.0
1343685,20201127,93,31,3365.0,2280.0,2460.0
1343685,20201105,93,31,3538.0,2280.0,2385.0
1343685,20201106,93,31,3544.0,2280.0,2250.0
1343685,20201109,93,31,3535.0,2280.0,2625.0
1343685,20201110,93,31,3558.0,2280.0,2490.0
1343685,20201111,93,31,3375.0,2280.0,2235.0
1388391,20201105,102,2,3510.0,28.0,277.0
1388391,20201106,102,2,3311.0,28.0,268.0
1388391,20201109,102,2,3125.0,28.0,433.0
1388391,20201110,102,2,3150.0,28.0,258.0
1388391,20201111,102,2,3504.0,28.0,328.0
1388391,20201112,102,2,3024.0,28.0,-2.0
1388391,20201113,102,2,3319.0,28.0,286.0
1388391,20201116,102,2,3022.0,28.0,288.0
1388391,20201117,102,2,3502.0,28.0,335.0
1388391,20201118,102,2,3519.0,28.0,153.0
1388391,20201119,102,2,3352.0,28.0,256.0
1388391,20201124,102,2,3321.0,28.0,80.0
1388391,20201105,102,2,3510.0,28.0,277.0
1388391,20201106,102,2,3311.0,28.0,268.0
1388391,20201109,102,2,3125.0,28.0,433.0
1388391,20201110,102,2,3150.0,28.0,258.0
1388391,20201111,102,2,3504.0,28.0,328.0
1388391,20201105,102,3,3510.0,58.0,277.0
1388391,20201106,102,3,3311.0,58.0,268.0
1388391,20201109,102,3,3125.0,58.0,463.0
1388391,20201110,102,3,3150.0,58.0,258.0
1388391,20201111,102,3,3504.0,58.0,358.0
1388391,20201112,102,3,3024.0,58.0,28.0
1388391,20201113,102,3,3319.0,58.0,286.0
1388391,20201116,102,3,3022.0,58.0,288.0
1388391,20201117,102,3,3502.0,58.0,335.0
1388391,20201118,102,3,3519.0,58.0,153.0
1388391,20201119,102,3,3352.0,58.0,256.0
1388391,20201124,102,3,3321.0,58.0,80.0
1388391,20201105,102,3,3510.0,58.0,277.0
1388391,20201106,102,3,3311.0,58.0,268.0
1388391,20201109,102,3,3125.0,58.0,463.0
1388391,20201110,102,3,3150.0,58.0,258.0
1388391,20201111,102,3,3504.0,58.0,358.0
1388391,20201105,102,4,3510.0,138.0,333.0
1388391,20201106,102,4,3311.0,138.0,318.0
1388391,20201109,102,4,3125.0,138.0,543.0
1388391,20201110,102,4,3150.0,138.0,303.0
1388391,20201111,102,4,3504.0,138.0,438.0
1388391,20201112,102,4,3024.0,138.0,108.0
1388391,20201113,102,4,3319.0,138.0,303.0
1388391,20201116,102,4,3022.0,138.0,288.0
1388391,20201117,102,4,3502.0,138.0,348.0
1388391,20201118,102,4,3519.0,138.0,198.0
1388391,20201119,102,4,3352.0,138.0,256.0
1388391,20201124,102,4,3321.0,138.0,123.0
1388391,20201105,102,4,3510.0,138.0,333.0
1388391,20201106,102,4,3311.0,138.0,318.0
1388391,20201109,102,4,3125.0,138.0,543.0
1388391,20201110,102,4,3150.0,138.0,303.0
1388391,20201111,102,4,3504.0,138.0,438.0
1388391,20201105,102,5,3510.0,172.0,367.0
1388391,20201106,102,5,3311.0,172.0,352.0
1388391,20201109,102,5,3125.0,172.0,577.0
1388391,20201110,102,5,3150.0,172.0,337.0
1388391,20201111,102,5,3504.0,172.0,472.0
1388391,20201112,102,5,3024.0,172.0,142.0
1388391,20201113,102,5,3319.0,172.0,337.0
1388391,20201116,102,5,3022.0,172.0,322.0
1388391,20201117,102,5,3502.0,172.0,382.0
1388391,20201118,102,5,3519.0,172.0,232.0
1388391,20201119,102,5,3352.0,172.0,277.0
1388391,20201124,102,5,3321.0,172.0,157.0
1388391,20201105,102,5,3510.0,172.0,367.0
1388391,20201106,102,5,3311.0,172.0,352.0
1388391,20201109,102,5,3125.0,172.0,577.0
1388391,20201110,102,5,3150.0,172.0,337.0
1388391,20201111,102,5,3504.0,172.0,472.0
1388391,20201105,102,6,3510.0,208.0,403.0
1388391,20201106,102,6,3311.0,208.0,388.0
1388391,20201109,102,6,3125.0,208.0,613.0
1388391,20201110,102,6,3150.0,208.0,373.0
1388391,20201111,102,6,3504.0,208.0,508.0
1388391,20201112,102,6,3024.0,208.0,178.0
1388391,20201113,102,6,3319.0,208.0,373.0
1388391,20201116,102,6,3022.0,208.0,358.0
1388391,20201117,102,6,3502.0,208.0,418.0
1388391,20201118,102,6,3519.0,208.0,268.0
1388391,20201119,102,6,3352.0,208.0,313.0
1388391,20201124,102,6,3321.0,208.0,193.0
1388391,20201105,102,6,3510.0,208.0,403.0
1388391,20201106,102,6,3311.0,208.0,388.0
1388391,20201109,102,6,3125.0,208.0,613.0
1388391,20201110,102,6,3150.0,208.0,373.0
1388391,20201111,102,6,3504.0,208.0,508.0
1388391,20201105,102,7,3510.0,241.0,436.0
1388391,20201106,102,7,3311.0,241.0,421.0
1388391,20201109,102,7,3125.0,241.0,646.0
1388391,20201110,102,7,3150.0,241.0,406.0
1388391,20201111,102,7,3504.0,241.0,541.0
1388391,20201112,102,7,3024.0,241.0,211.0
1388391,20201113,102,7,3319.0,241.0,406.0
1388391,20201116,102,7,3022.0,241.0,391.0
1388391,20201117,102,7,3502.0,241.0,451.0
1388391,20201118,102,7,3519.0,241.0,301.0
1388391,20201119,102,7,3352.0,241.0,346.0
1388391,20201124,102,7,3321.0,241.0,226.0
1388391,20201105,102,7,3510.0,241.0,436.0
1388391,20201106,102,7,3311.0,241.0,421.0
1388391,20201109,102,7,3125.0,241.0,646.0
1388391,20201110,102,7,3150.0,241.0,406.0
1388391,20201111,102,7,3504.0,241.0,541.0
1388391,20201105,102,8,3510.0,292.0,487.0
1388391,20201106,102,8,3311.0,292.0,472.0
1388391,20201109,102,8,3125.0,292.0,697.0
1388391,20201110,102,8,3150.0,292.0,457.0
1388391,20201111,102,8,3504.0,292.0,592.0
1388391,20201112,102,8,3024.0,292.0,262.0
1388391,20201113,102,8,3319.0,292.0,457.0
